PUL0001,"GH1,8.A.49,null,null,CE2,GH130,GH130,null,3.A.1,3.A.1,SBP_bac_1,LacI,GH36,null,GH113"
PUL0002,"null,GH16"
PUL0003,"GH30_8,GH43_16|CBM6"
PUL0004,"4.A.1,GH1"
PUL0005,"GH94,GH3"
PUL0006,"GH1,HTH_6|SIS,null,null,3.A.1,8.A.59,Response_reg|HTH_18|HTH_AraC,3.A.1,3.A.1,3.A.1,null"
PUL0007,"null,null,null,null,GH53,2.A.2,GH42,LacI"
PUL0008,"HTH_AraC,null,null,PfkB,2.A.1,GH32,GH32,null,8.A.46,1.B.14,null,GH32"
PUL0009,"LacI,PfkB,null,PL8,null,null,3.A.1,3.A.1,3.A.1,3.A.1,null,PL8,null,GH88,null"
PUL0010,"null,null,GH43_11,null,null,GH10,9.B.28,null,null,null,GntR,null,PfkB,GH39,GH67,3.A.1,3.A.1,3.A.1,GH10,GH52,CE4,null,3.A.1,3.A.1,SBP_bac_1,HTH_AraC|HTH_AraC,8.A.59,null,null,null,null,GH51,3.A.1,3.A.1,3.A.1,null,null,null,GntR,3.A.1,3.A.1,3.A.1"
PUL0011,"GH48,GH8,GH9|CBM3,CBM4|GH9"
PUL0012,"null,GH94,GH20,null,GH9,3.A.1,3.A.1,3.A.1,3.A.1,3.A.1,HisKA|HATPase_c|Response_reg|PAS"
PUL0013,"3.A.1,8.A.59,HTH_AraC|HTH_AraC,3.A.1,null,null,3.A.1,3.A.1,GntR,null,null,null,null,GH43_5,SBP_bac_1,3.A.1,3.A.1,GH43_4,GH51,GH51,null,null,null,null,GH127,8.A.59,HTH_AraC|HTH_AraC,SBP_bac_1,3.A.1,3.A.1,null,CE4,GH52,GH10,null,3.A.1,3.A.1,GH67,GH39,PfkB,null,GntR,null,null,null,9.B.28,null,null,AAA,null,null,null,GH43_11,null,null,null"
PUL0014,"null,null,HTH_DeoR,HTH_AraC|HTH_AraC,8.A.59,PL1_6,GH105,SBP_bac_1,3.A.1"
PUL0015,"SIS,GH9,4.A.3,null"
PUL0016,"4.A.3,4.A.3,HTH_6|SIS,4.A.3,GH1"
PUL0017,"null,GH94,3.A.1,3.A.1,SBP_bac_1,HTH_AraC|HTH_AraC,8.A.59,SBP_bac_1,3.A.9"
PUL0018,"CBM70|PL8_1,null,PfkB,null,null,4.A.6,GH88,4.A.6,4.A.6,4.A.6,null,PL12_1"
PUL0019,"HTH_11|Mga,4.A.3,4.A.3,4.A.3,GH4,null"
PUL0020,"null,PL12_1,null,null,4.A.6,4.A.6,4.A.6,GH88,null,TrmB,null,null,null,PfkB,null,PL8"
PUL0021,"null,PL12_1,null,null,4.A.6,4.A.6,4.A.6,GH88,null,0040266,null,CHASE2,PfkB,null,DeoRC,null"
PUL0022,"HTH_11|Mga,GH1,4.A.3,null,null,4.A.3"
PUL0023,"GH1,4.A.3,null,null,4.A.3"
PUL0024,"null,null,GH32,4.A.1,LacI,3.A.1,3.A.1,HTH_1,null,HTH_3,2.A.40,null"
PUL0025,"8.A.3,null,1.B.18,null,null,GT2,GT4,null,GT2,GT2,null,null,null,9.B.18,null,null,null,null,null"
PUL0026,"null,PfkB,PfkB,1.B.14,null,GH35,null,null"
PUL0027,"null,null,PL5_1,null,null"
PUL0028,"MerR,null,null,null,CBM40|GH33,null,3.A.1,3.A.1,SBP_bac_1,HTH_AraC|HTH_AraC,null,null,GH1,GH140"
PUL0029,"3.A.1,3.A.1,MarR,null,GH43_24,GH30_5,0045030,2.A.3,null,3.A.1,HTH_11,2.A.3,GH146,null,GH43_22|GH43_34,GH43_22|GH43_26,GH43_27,GH43_22,GH43_22,9.B.28,3.A.1,3.A.1,LacI,3.A.1"
PUL0030,"GH130,LacI,GH130,SBP_bac_1,null,GH27,3.A.1,3.A.1,null,null,CE7,null"
PUL0031,"GH32,2.A.1,LacI"
PUL0032,"LacI,2.A.1,GH13_18"
PUL0033,"null,null,null,LacI,4.A.1,GH13_29"
PUL0034,"CE10,1.B.35"
PUL0035,"3.A.1,3.A.1,3.A.1,3.A.1,PL2_2"
PUL0036,"null,8.A.3,null,1.B.18,null,null,null,null,null,null,null,PL12,GT4,9.B.18,null,Aminotran_1_2,9.B.18,null,null,null,null,null"
PUL0037,"9.B.67,GH13,3.A.1,3.A.1,3.A.1,null,AraC_binding|HTH_18"
PUL0038,"SBP_bac_1,3.A.1,3.A.1,GH42,GH36,null,null,null"
PUL0039,"null,GH36,null"
PUL0040,"GH9,GH9|CBM3,GH5_17,GH9,PL11,GH5_1"
PUL0041,"null,4.A.1,GH1"
PUL0042,"null,GH13_4,null,LacI"
PUL0043,"8.A.3,null,1.B.18,null,null,null,null,null,GT4,null,9.B.18,null,null,null,null,9.B.146,null,9.B.18,null,null,null,null,null"
PUL0044,"GH43_10,GH3,null,GH43_12,GH31,GH97,GH43_29|CBM6,GH43_12,1.B.14,null,1.B.14,null,null,null,GH30_8,GH98|CBM35,GH115,CE6|CE1,GH43_29|CBM6,HTH_AraC,GH95,null,null,HTH_8|HTH_AraC,GH30,1.B.14,null,null,null,null,null,GH115,null"
PUL0045,"null,GH67,GH43_1,GH10,2.A.2,null,GH10,null,null,1.B.14,HTH_AraC|HTH_AraC|HTH_AraC"
PUL0046,"null,null,null,null,null,null,null,null,GT2,null,null,null,null,null,null,null"
PUL0047,"null,null,2.A.66,null,null,GT4,null,null,null,null,null,null,null,null,null,null,AraC_binding,null,3.A.1,null,GT4|GT4,null,null,null,null"
PUL0048,"GH13_29,4.A.1,GntR"
PUL0049,"null,null,null,null,null,GH43_17,Aminotran_1_2,PALP,null,null,null,null,GH26,null,null,GH16,null,null,null,null,null,null,null,null,null,3.A.1,null,null,null"
PUL0050,"null,GH5_4,GH26,GH130,2.A.2,null,null,GH3,GH94,null,null,null,null,null,null,null,null,null,null,null"
PUL0051,"2.A.28,null,PL6|PL6_1,PL17_2|PL17,1.B.14,8.A.46"
PUL0052,"1.B.14,GntR,PL6|PL6_1,PL17_2|PL17,AraC_binding,2.A.1,null,PfkB,null,null"
PUL0053,"null,GntR,null,PL6,PL17_2|PL17,2.A.1,null,null"
PUL0054,"null,null,null,PL6|PL6_1,PL17_2|PL17,AraC_binding,2.A.1,PfkB,null"
PUL0055,"PL17_2|PL17,PL6|PL6_1,null,8.A.46,1.B.14,null,GntR"
PUL0056,"PL6|PL6_1,null,null,1.B.14,PL17_2|PL17"
PUL0057,"null,null,null,null,null,null,null,GT4,null,null,GT4,null,null"
PUL0058,"CBM48|GH13_9,null,null,GT5,GT35"
PUL0059,"null,null,null,null,null,null,2.A.66,null,null,null,GT2,null,null"
PUL0060,"2.A.66,null,null,8.A.3,null,1.B.18,null,null,GT2,GT2,null,GT4,GT2,9.B.18,null,null,null,null,null,null,2.A.14,GntR,null,null"
PUL0061,"null,8.A.3,null,1.B.18,null,null,GT2,null,GT2,GT4,GT2,9.B.18,null,null,null,null,null,null,2.A.14,null,null,null,null,null,null,null,null,null,null,null,null,GT4,CE4,null,null"
PUL0062,"null,8.A.3,null,1.B.18,null,null,GT2,GT2,null,GT4,GT2,9.B.18,null,null,null,null,null,null,2.A.14"
PUL0063,"GH3,GH2,GH31,HTH_AraC|HTH_AraC,null,GH9,null,null,1.B.14,GH5_4,GH43_12,null,GH43_12,null,null,GH3"
PUL0064,"1.B.14,null,null,null,null,null,GH5_4,Reg_prop|Reg_prop|Reg_prop|Reg_prop|Reg_prop|Reg_prop,HTH_AraC|HTH_AraC,GH31,GH2,GH3"
PUL0065,"1.B.14,8.A.46,null,null,GH43_12,null,GH5_4,HTH_AraC|HTH_AraC,GH31,GH2,GH3,null,GH95"
PUL0066,"null,1.B.14,null,null,GH43_12,GH5_4,null,HTH_AraC|HTH_AraC,GH31,GH2,GH3,null,GH95"
PUL0067,"GH2,GH5_4,null,8.A.46,1.B.14,GH31,HTH_AraC,GH95,null,GH3,GH43_12"
PUL0068,"LacI,GH36,2.A.1,GH32"
PUL0069,"null,8.A.3,null,1.B.18,null,9.B.18,Aminotran_1_2,null,GT0,null,null,null,null,null,GT2,9.B.18,null,null,null,null,null,2.A.14"
PUL0070,"2.A.66,null,null,8.A.3,null,1.B.18,null,9.B.18,Aminotran_1_2,null,null,null,null,null,GT52,null,GT14,GT2,9.B.18,null,null,null,null,null,2.A.14,null,null,null,GT25,null,GT4,4.D.1,CE4,null,null,null"
PUL0071,"2.A.66,null,null,8.A.3,null,1.B.18,null,9.B.18,Aminotran_1_2,null,null,null,null,2.A.66,null,null,null,GT14,GT2,9.B.18,null,null,null,null,null,2.A.14,null,null,null,GT25,null,null,GT4,4.D.1,CE4,null,null,null"
PUL0072,"2.A.14,null,null,null,null,null,9.B.18,GT2,null,null,null,null,null,GT0,null,Aminotran_1_2,9.B.18,null,1.B.18,null,8.A.3,null"
PUL0073,"2.A.14,null,null,null,null,null,9.B.18,GT2,null,null,null,null,null,null,null,Aminotran_1_2,9.B.18,null,1.B.18,null,8.A.3,null"
PUL0074,"null,null,GntR,2.A.14,null,null,null,null,null,null,9.B.18,null,null,null,null,GT2,GT4,null,null,null,null,null,2.A.66,null,null,null,null,null,null,null,null,null,1.B.18,null,8.A.3,null"
PUL0075,"8.A.3,null,1.B.18,null,null,null,null,null,2.A.66,GT2,null,GT4,GT2,null,null,null,9.B.18,null,null,null,null,null,2.A.14,GntR,null"
PUL0076,"null,null,null,null,GT4,CE4,null"
PUL0077,"null,null,null,null,null,null,null,GT4,CE4,null,null"
PUL0078,"3.A.1,3.A.1,MarR,CBM22|GH10,null,null"
PUL0079,"null,null,CE4,GT4,null,null,null,null,null,null,null,null,null,GT2,null,null"
PUL0080,"null,null,CE4,GT4,null,null,null,null,null,GT2,null,null"
PUL0081,"MarR,null,null,AraC_binding,null,null,PfkB,null,2.A.21,1.B.35,PL9_1,2.A.21,PL22|PL22"
PUL0082,"null,LacI,SBP_bac_1,3.A.1,3.A.1,GH4"
PUL0083,"CBM3|cohesin|cohesin|cohesin|cohesin|cohesin|cohesin,GH48,GH8,GH9|CBM3,CBM4|GH9,null,GH9,GH9|CBM3,GH5_17,GH9,GH5_7,GH5_1"
PUL0084,"GH10|CBM6,GH43_29|CBM6,CE1|CBM6,GH43_10|CBM6,GH62|CBM6,GH43_29|CBM6,GH27|CBM6,GH59|CBM6,GH62|CBM6|CE6,GH95|CBM32,CE1|CBM6,GH30_8|CBM6"
PUL0085,"GH26,GH9,GH9"
PUL0086,"PL10_1,CE8,PL11"
PUL0087,"GH9|CBM3|CBM3,GH9|CBM3"
PUL0088,"HTH_AraC|HTH_AraC|HTH_AraC,GH36,3.A.1,3.A.1,3.A.1,GH13_18,3.A.1,8.A.9"
PUL0089,"GH5_4,null"
PUL0090,"null,null,GT4,GT4,null,null,null,9.B.18,null,null,GT4,null"
PUL0091,"CE9,GH2,GH92,GH20,null,GH20,GH2,null"
PUL0092,"null,GH20,GH2,null,null,GH20,GH33,8.A.46,1.B.14,null"
PUL0093,"2.A.1,null,PIG-L,null,HTH_AraC,null,2.A.6,null,null,null,null,3.A.1,1.C.105,null,HATPase_c,Trans_reg_C,CE9,GH2,GH92,GH20,null,GH20,GH2,null"
PUL0094,"null,null,null,null,null,3.A.1,null,null,null,HD,1.B.42,null,1.B.14,null,null,GH27,null,1.B.14,8.A.46,GH33,GH20,null,null,GH2,GH20"
PUL0095,"null,1.B.42,null,1.B.14,null,null,GH27,null,null,1.B.14,8.A.46,GH33,GH20,null,null,GH2,GH20"
PUL0096,"1.B.14,8.A.46,GH33,GH20,null,null,GH2,GH20,null,GH20,GH92,GH2,CE9,3.A.1,null,null,HTH_AraC|HTH_AraC,null,null,GH29,GH97,null"
PUL0097,"1.B.14,8.A.46,GH33,GH20,null,null,GH2,GH20,null,GH20,GH92,GH2,CE9,3.A.1,null"
PUL0098,"8.A.46,1.B.14,GH33,null,2.A.1,null,null,null,MarR,HTH_3,null,null"
PUL0099,"CBM27|GH26|CBM23,GH3,GH3"
PUL0100,"null,GH4,HTH_AraC|HTH_AraC,4.A.3,4.A.3,4.A.3"
PUL0101,"CBM67|GH78,HTH_AraC|HTH_AraC,null,null,2.A.7,null,null,null,null,2.A.4,null,null,null,null,null,null,GH3,GH115,GH97"
PUL0102,"null,null,null,GH20,GH29,8.A.46,1.B.14,GH33,null,null,null,null,null,MarR,HTH_3,null,null,null,null,null,null,CBM67|GH78,HTH_AraC|HTH_AraC,null,null"
PUL0103,"null,null,null,2.A.4,null,null,null,null,null,2.A.7,null,null,null,HTH_AraC|HTH_AraC,CBM67|GH78,null,null,null,null,null,null,HTH_3,MarR,null,null,null,null,null,GH33,null,HTH_11"
PUL0104,"1.B.14,HTH_11,null,GH33,null,null,null,null,null,MarR,HTH_3,null,null,null,null,null,null,CBM67|GH78,HTH_AraC|HTH_AraC,null,null,null,2.A.7,null,null,null,null,null,2.A.4,null,null,null,null"
PUL0105,"null,GH33,null,null,null,null,null,MarR,HTH_3,null,null,null,null,null,null,CBM67|GH78,HTH_AraC|HTH_AraC,null,null,null,2.A.7,null,null,null,null,null,2.A.4,null,null,null,null,null,null,GH3,GH115,GH97"
PUL0106,"null,Pribosyltran,null,null,null,null,null,null,null,null,null,null,Trans_reg_C,null,1.B.14,null,GH20,GH2,2.A.115,null,GH2,GH2"
PUL0107,"null,null,null,null,null,null,null,null,null,null,null,GerE,null,null,GH1,null,null,null,null,3.A.1,3.A.1,3.A.1,3.A.1,3.A.1,null,Response_reg|HTH_18,null"
PUL0108,"null,null,null,null,null,null,Trans_reg_C,HisKA,null,null,null,null,null,null,null,null,null,null,null,3.A.1,null,GH2,2.A.21,null,Sigma70_r2|Sigma70_r4_2,null,GH3"
PUL0109,"null,null,null,null,null,null,null,Trans_reg_C,HisKA,null,null,null,null,null,null,null,null,null,null,null,null,3.A.1,null,GH2,2.A.21,null,Sigma70_r2|Sigma70_r4_2,null"
PUL0110,"null,null,null,null,null,null,Trans_reg_C,HisKA,null,null,null,null,null,null,null,null,null,null,null,null,3.A.1,null,null,GH2,2.A.21,null,Sigma70_r2|Sigma70_r4_2,null"
PUL0111,"HTH_AraC|HTH_AraC,GH4,2.A.2"
PUL0112,"9.B.156,null,1.C.39,Pribosyltran,null,null,null,null,null,null,null,null,null,null,null,Trans_reg_C,null,1.B.14,null,GH20,GH2,2.A.115,null,GH2,GH2"
PUL0113,"null,null,null,null,null,null,null,null,GerE,null,GH1,null,null,null,null,3.A.1,3.A.1,3.A.1,3.A.1,3.A.1,null,HTH_AraC,null"
PUL0114,"GH43_16|CBM6,GH10|CBM6,GH43_29|CBM6,CE1|CBM6,GH43_10|CBM6,GH62|CBM6,GH43_29|CBM6,GH146|CBM22,GH27|CBM6,GH59|CBM6,GH2|CBM6,GH62|CBM6|CE6,GH95|CBM32|CBM6,GH30_8|CBM6"
PUL0115,"GH33,GH20,null,GH2,GH20,GH20,GH2"
PUL0116,"GH20,TetR_N"
PUL0117,"GH92,GH130,null,GH163,null,null,null,8.A.46,1.B.14,null,1.B.14,8.A.46,null,null,1.B.14,8.A.46,null,null,null,GH20,FecR,GerE"
PUL0118,"GH3,GH158,GH16,null,null,1.B.14,Y_Y_Y|GerE"
PUL0119,"null,GH29|CBM32"
PUL0120,"GerE,FecR,1.B.14,8.A.46,GH18|CBM14,null"
PUL0121,"3.A.1,null,3.A.1,3.A.1,null,Fer4|Fer4,null,null,null,GH13_23,null,null,null,GH1,null,null,null,null,null,null,null,null,null,null,AsnC_trans_reg,null,null,null,null,null,null,null,null,null,null,2.A.88"
PUL0122,"GH42,3.A.1,GH2,GH36,null,null"
PUL0123,"null,1.C.113,null,null,null,null,null,null,null,null,3.A.1,null,null,null,GH63,3.A.1,null,null,LacI,null,null,null,null,null,null,null,9.B.34,null,null,CBM67|GH78,null,8.A.49,null,null,null,HTH_3,null"
PUL0124,"null,null,GH13_23,CbiA,null,null,GH1,null,null,null,null,null,2.A.1,null,null,null,2.A.119,null"
PUL0125,"HTH_AraC,GH16,1.B.14,8.A.46,null,GH3"
PUL0126,"null,LacI,PL7_5,1.B.14,null,null,SKI,PL6|PL6_1"
PUL0127,"GntR,CBM32|PL7_5,null,1.B.14,PL6_3,PL7_5,2.A.1,PL6|PL6_1,null,null,null,2.A.1"
PUL0128,"3.A.1,3.A.1,MarR,null,GH43_24,GH30_5,0045030,2.A.3,null,3.A.1,HTH_11,2.A.3,GH146,null,GH43_22|GH43_34,GH43_22|GH43_26,GH43_27,GH43_22,GH43_22,9.B.28,3.A.1,3.A.1,LacI,3.A.1"
PUL0129,"GH5_4,GH26,GH5_4,null,null,null,1.B.14,CE7,GH26,GH130,2.A.2,null"
PUL0130,"AraC_binding,3.A.1,3.A.1,null,null,GT4,null,null,GT4,null,null"
PUL0131,"AraC_binding,null,3.A.1,3.A.1,Pkinase,GT4|GT4,null,null,GT4,GT4,null,null"
PUL0132,"GH5_4,CBM4,null,null,1.B.14,null,1.B.14,HTH_AraC|HTH_AraC|HTH_AraC"
PUL0133,"2.A.66,null,Pyr_redox,null,GT2,null,null,GT2,null,9.B.18,null,8.A.3,8.A.3,null"
PUL0134,"null,1.B.14,8.A.46,null,CE8,PL9_1,null,null,null,null,null,PfkB,null,2.A.56,2.A.56,2.A.56,null,null,null,LacI,GH28,null,GH105,GH43_10,GH28|PL9_1,CE12,CE10|CE8,CE12,PL10_1"
PUL0135,"CE12,1.B.14,null,GH28,null,null,GH105,GH105,GH43_10,null,LacI,2.A.56,2.A.56,2.A.56,null,null,null,null,PfkB,CE8,PL1_2"
PUL0136,"PfkB,null,null,null,null,2.A.56,2.A.56,2.A.56,LacI,null,CE8|PL1_5,null,PL1_2,null,null,null,null,GH105,GH105,null,null,GH28,null,null,1.B.14,null"
PUL0137,"2.A.2,GH2,LacI"
PUL0138,"null,GH36,3.A.1,3.A.1,3.A.1,null,GH36"
PUL0139,"3.A.1,3.A.1,3.A.1,MarR,null,3.A.1,null,LacI,GH51,null,null,null"
PUL0140,"null,GH43_12,LacI,SBP_bac_1,3.A.1,3.A.1,GH43_11,null,null,GH43_10,null"
PUL0141,"LacI,null,GH13_18,2.A.1"
PUL0142,"3.A.1,3.A.1,LacI|Peripla_BP_3,3.A.1,GH13_30"
PUL0143,"null,null,null,2.A.66,4.D.1,null,null,null,GT2,GT32,null,9.B.18"
PUL0144,"GH35,SIS|SIS,3.A.1,3.A.1,3.A.1,3.A.1,3.A.1,GH1,null,null,PIG-L,GH18"
PUL0145,"PL8_2,null,null,null,PL29,null,null,8.A.46,1.B.14,null,Reg_prop|Reg_prop|Reg_prop|Y_Y_Y|HisKA|HATPase_c|Response_reg|HTH_18,null,null,2.A.6,2.A.6,2.A.6,GH2,null,null,null,null,null,1.B.14,null,GH88,null,PL8_2"
PUL0146,"null,GH16,null,null,null,null,null,null,1.B.14,null,null,null,null,null,null,GntR,null,null,null,null,null,2.A.1,GntR"
PUL0147,"null,null,null,null,null,null,null,null,null,GH16,null,null,null,null,null,2.A.1,null,null,null,null,null,null,GntR,GntR,1.B.14,HTH_AraC|HTH_AraC,GH16,null,null,GH150"
PUL0148,"null,null,GH127,GH127,2.A.1,GH127,null,GH129,null,null,null,null,null,null,HTH_AraC|HTH_AraC|HTH_AraC"
PUL0149,"null,null,null,null,null,GH110,GH110,null,8.A.46,1.B.14"
PUL0150,"null,PL6|PL6_1,PL17_2|PL17,null,2.A.1,PfkB,null,null,null,PL6_3,null,1.B.14,GerE,null"
PUL0151,"null,PfkB,null,2.A.1,GntR,PL7,null,null,1.B.14,null,AraC_binding,PL17_2|PL17"
PUL0152,"3.D.2,3.D.2,3.D.2,PfkB,2.A.1,PL6|PL6_1,GntR,null"
PUL0153,"null,GH1,4.A.3"
PUL0154,"4.A.3,4.A.3,GH1"
PUL0155,"null,GntR,3.A.1,3.A.1,3.A.1,3.A.1,PL15_1,null"
PUL0156,"GH2,null"
PUL0157,"4.A.3,null,null,GH1"
PUL0158,"4.A.3,null,4.A.3,GH1"
PUL0159,"GH2,null"
PUL0160,"null,2.A.1,GH92,GH92,GH43_34,null,null,null,GH125,null,CBM32,8.A.46,1.B.14,GH92,null,GH92,null,null,null,null,null,null,GH92,GH76,LacI,null,null,null,null,GH2,null,GH92,2.A.1"
PUL0161,"GH97,null,GH67,GH76,null,null,1.B.14,null,HTH_AraC,GH92,null,GH76,GH125,null,null,null,null,null,null,3.A.7,null,null,null,null,null,null"
PUL0162,"null,1.B.14,null,null,null,GH92,null,null,null,GH99,9.B.14,null,null"
PUL0163,"GH92,GH38|CBM32,GT32,GT32,null,null,null,GH130,GH125,GH76,null,GH92,HTH_AraC,null,1.B.14,null,null,null,GH76,null,null"
PUL0164,"CE2,null,GH3,GH5_7,GH26,null,GH130,2.A.21,GH26,HTH_AraC|HTH_AraC,GH5_2,1.B.14,8.A.46,null,GH27,null,GH9,GH26,null"
PUL0165,"null,GH9,null,GH27,null,null,8.A.46,1.B.14,GH5_2,HTH_AraC|HTH_AraC,GH26,2.A.21,GH130,null,GH26,null,null"
PUL0166,"GH13_10,null,8.A.46,1.B.14,LacI"
PUL0167,"null,null,2.A.2,GH130,GH36,GH26,GH26,null,null,1.B.14,HTH_AraC|HTH_AraC,null"
PUL0168,"null,null,GH2,null,null,null,null,HTH_6,8.A.5"
PUL0169,"GH146,1.B.14,null,null,GH43_29,GH121,1.B.14,null,null"
PUL0170,"GH3,HTH_AraC,GH16,1.B.14,8.A.46,null,GH3"
PUL0171,"GerE,FecR,1.B.14,8.A.46,GH18,null,null"
PUL0172,"null,null,null,null,GT2,3.A.1,4.D.1,null,null"
PUL0173,"null,null,null,null,GT4,null,null,GT4,null,null,null,null,NUDIX,GT2,null,null,null,null,null,null"
PUL0174,"GH31|CBM20,GH31|CBM35,0040266"
PUL0175,"GH130,null,GH5_7,GH27"
PUL0176,"GH31,GH15,3.A.1,3.A.1,3.A.1,MarR"
PUL0177,"null,4.D.1,null,2.A.66,GT4,null,9.B.18,null,null,null,null,null,null,null,null"
PUL0178,"null,null,null,null,2.A.2,GH130,GH36,GH26,GH26,null,null,1.B.14,HTH_AraC|HTH_AraC,null"
PUL0179,"null,null,CE7,2.A.2,GH130,GH26,GH26,null,null,null,1.B.14,null,null,HTH_AraC|HTH_AraC,null"
PUL0180,"2.A.38,TrkA_C|TrkA_C,null,null,null,null,null,GH36,GH29,null,null,1.B.14,HTH_AraC|HTH_AraC,2.A.1,GH29,null,null,9.B.97,2.A.64"
PUL0181,"null,null,null,null,null,null,GT4,null,null,null,null,NUDIX,GT2,null,null,null,null,null,null"
PUL0182,"null,null,null,null,GT2,null,null,null,null,null,null,null"
PUL0183,"null,null,null,null,null,null,null,GT2,null,null,null,null,null,null,null"
PUL0184,"null,null,null,null,null,null,null,null,null,GT4,null,null,null,null,null,null,null,null,null,null"
PUL0186,"GH1,2.A.123,null,HTH_11|Mga,4.A.3,null,4.A.3"
PUL0187,"HTH_AraC|HTH_AraC,8.A.59,3.A.1,3.A.1,CBM54|GH16|CBM4|CBM4|CBM6|CBM4|CBM4,GH16,3.A.1"
PUL0188,"9.B.18,Aminotran_1_2,null,GT0,null,2.A.66,null,null,null,GT2"
PUL0189,"GH95,null,GH140,CBM67|GH78|GH33,null,null,GH28,CBM67|GH78,GH43_18,null,PL1_2,null,null,null,1.B.14,null,GH92"
PUL0190,"GH51,GH146,null,null,null,NUDIX,2.A.21,null,GH43_4,null,null,1.B.14,GH43_4,GH51,GH43_29"
PUL0191,"GH105,CE8,null,CE12|CE8,AAA,HTH_AraC,null,null,1.B.14,PL1_2,PL1_2"
PUL0192,"GH106,GH28,null,GH28,CE12,GH2,null,GH43_18|GH43_34|CBM32,GH42,GH28,null,null,1.B.14,null,null,1.B.14,null,1.B.14,null,PL11,PL26,CE12|CE12,GH105,PL11_1,GH105,null,HTH_AraC|HTH_AraC"
PUL0193,"GH2,PL11,GH28,null,null,GH117|GH117,null,HTH_AraC,1.B.14,8.A.46,null,null,null,PL11,null,GH28,GH105,null,null,null,1.B.14,null,null,null,1.B.14,null,null,null,GH28,null"
PUL0194,"GH20,null,GH38,GH125,GH92,GH29"
PUL0195,"3.A.23,4.A.3,4.A.3,4.A.3"
PUL0196,"GH20,null,GntR,SIS|SIS,CE9,9.B.207,4.A.6,4.A.6,4.A.6,4.A.6"
PUL0197,"GT35,GH77,LacI,3.A.1,3.A.1,3.A.1,3.A.1"
PUL0198,"null,null,2.A.66,GT2,null,GT2,null,null,null,null,null,null,null"
PUL0199,"CBM16|CBM32|PL18,null,null,PL6,PL6,SBP_bac_3,null,null,null,PfkB,null,2.A.1,AraC_binding,PL17_2|PL17,PL6|PL6_1,PL7_5,GntR"
PUL0200,"null,null,null,GT2,null,null,GT2,null,null,null,null,null,null"
PUL0201,"null,null,2.A.66,null,null,null,GT2,null,null,null,null,null,null"
PUL0202,"null,null,null,null,null,null,null,GT4,null,null,null,NUDIX,GT2,null,null,null,null,null,null"
PUL0203,"GH32,GH32,null,8.A.46,1.B.14,null,GH32"
PUL0204,"8.A.9,null,null,8.A.46,1.B.14,GH97,8.A.9"
PUL0205,"GH31,GH31,GH66,null,8.A.46,1.B.14"
PUL0206,"null,null,null,null,null,1.B.14,GH2,null"
PUL0207,"PL12_1,4.A.6,4.A.6,4.A.6,GH88,4.A.6,null"
PUL0208,"GH18,AA10|CBM5|CBM5,GH18|CBM5|CBM5"
PUL0209,"LacI,1.B.3,GH42,GH53,3.A.1,3.A.1,3.A.1,3.A.1,null"
PUL0210,"PL8,null,null,null,PfkB,null,GH88,4.A.6,4.A.6,4.A.6,4.A.6,null,PL12_1"
PUL0211,"1.B.14,GH29,GH18,GH20,GH2,GH3,GH125,GH92,GH35"
PUL0212,"3.A.3,GH2,9.B.36,LacI,SBP_bac_1,3.A.1,3.A.1,null"
PUL0213,"2.A.2,GH2,LacI,HTH_AraC|HTH_AraC|HTH_AraC"
PUL0214,"LacI,GH42,GH35,3.A.1,3.A.1,SBP_bac_1,null,null,3.A.1"
PUL0215,"GH31,GH35,1.B.14,GH95"
PUL0216,"peroxidase,null,PL5|PL7,LacI,3.A.1,3.A.1,3.A.1,3.A.1,3.A.1,PL15_1"
PUL0217,"null,GH130,3.A.1,3.A.1,3.A.1,LacI,GH5_36"
PUL0218,"null,GH51,GH146|GH97,null,null,null,NUDIX,2.A.21,null,GH43_4,null,null,1.B.14,null,1.B.14,null,null,HTH_AraC|HTH_AraC,GH43_4,GH51|GH43_29,null,AAA,null,null"
PUL0219,"null,null,null,null,4.A.6,null,GH32"
PUL0220,"null,GH30_1,GH17,GH3,GH149,GH16,null,null,null,8.A.46,1.B.14"
PUL0221,"GH35,null,GH105,null,null,null,1.B.14,null"
PUL0222,"GH5_7,GH26,null,null,8.A.46,1.B.14"
PUL0223,"GH92,GH130,null,GH163,null,null,null,8.A.46,1.B.14"
PUL0224,"9.B.33,HTH_AraC|HTH_AraC,GH43_16|CBM6,GH10|CBM6,GH43_29|CBM6,CE1|CBM6,GH43_10|CBM6,GH62|CBM6,GH43_29|CBM6,GH146|CBM22,GH27|CBM6,GH59|CBM6,GH2|CBM6,GH62|CBM6|CE6,GH95|CBM32|CBM6,GH30_8|CBM6"
PUL0225,"HTH_8,GH16,GH117|GH117,GH2,GH2,null,null,null,2.A.1,null,null,null,null,null,GH50,GH105|GH154,null,null,null,GH16,null,null,GH86,GH86,null,null,null,1.B.14,HTH_AraC,null,null,GH29,GH16,null,1.B.14,GH2"
PUL0226,"null,1.B.18,8.A.3,9.B.18,9.B.30,9.B.97,9.B.97,GT4,GT94,2.A.66,GT70,null,GT26"
PUL0227,"null,GH67,GH3,null,null,null,8.A.59,HTH_AraC,null,3.A.1,null,null"
PUL0228,"GH43_4,null,1.B.14,null,1.B.14,null,HTH_AraC|HTH_AraC,GH43_4,GH51,GH43_29"
PUL0229,"HTH_AraC|HTH_AraC,8.A.59,3.A.1,3.A.1,3.A.1,GH67,GH10,GH43_12"
PUL0230,"3.A.1,3.A.1,3.A.1,3.A.1,HTH_12,null,GH65,CBM34|GH13_20,8.A.9,null,LacI,null"
PUL0231,"GH1,null"
PUL0232,"3.A.1,3.A.1,3.A.1,null,GH36,null"
PUL0233,"GH36,8.A.9,3.A.1,3.A.1,SBP_bac_1"
PUL0234,"GerE,1.B.14,8.A.46,null,GH16,GH3,GH16"
PUL0235,"PL7_5,null,PL6|PL6_1,PL7_5,null,null,PL17_2|PL17,AraC_binding,1.B.14,null,null,PL7,PL7,GntR,2.A.1,null,PfkB,null,null,LacI"
PUL0236,"null,null,null,GH13,GH13_36,GH65,null,2.A.2,LacI,1.B.14,null,null,GH13_7"
PUL0237,"HTH_3,null,4.D.1,null,null,null,2.A.50,null,null,null,PL5,null"
PUL0238,"4.A.3,4.A.3,4.A.3,8.A.49,GntR,null,null,GH26"
PUL0239,"null,GH26|GH5_4,GH5_7,null,null,null,null,1.B.14,HTH_AraC|HTH_AraC,null,2.A.2,GH130,GH26,CE7,null,GH36,GH3,null"
PUL0240,"null,GH31,GH9,GH26,null,null,null,1.B.14,null,null,null"
PUL0241,"null,null,1.B.14,GH5_4,HTH_AraC|HTH_AraC,GH36,null"
PUL0242,"null,GH31,GH5_4,GH26,null,null,null,null,1.B.14"
PUL0243,"HTH_AraC|HTH_AraC,GH5_38,null,null,GH94,2.A.2,1.B.14,8.A.46,null,null,null,GH36"
PUL0244,"null,null,GH20,GH33,8.A.46,1.B.14,2.A.1,null,null"
PUL0245,"null,GH98|CBM47|CBM47|CBM47,GH95,4.A.6,4.A.6,4.A.6,4.A.6,null,null,null,HTH_DeoR"
PUL0246,"null,null,CBM51|CBM51|GH98,GH36,GH36,GH29,3.A.1,3.A.1,3.A.1,null,HTH_DeoR"
PUL0247,"1.B.18,null,null,8.A.3,null,null,null,null,null,GT4,9.B.18,null,null,GT4,null,9.B.18,9.B.18,null"
PUL0248,"null,9.B.18,9.B.18,null,null,PL12_3,null,null,null,null,null,null,null,8.A.3,null,null,null,null,1.B.18"
PUL0249,"SBP_bac_1,3.A.1,3.A.1,GH105,HTH_AraC|HTH_AraC,CE12,null,9.B.28,PL11,PL11,CE12,GH42"
PUL0250,"1.B.18,null,null,8.A.3,null,null,null,null,null,null,GT4,GT4,null,null,NUDIX,null,null,null,null,null,null,PL12,null,GT4,9.B.18,null,null,9.B.18,null,null"
PUL0251,"null,CBM32,null,null,1.B.14,null,cNMP_binding"
PUL0252,"CBM32,null,null,1.B.14,GH29,HTH_AraC|HTH_AraC|HTH_AraC"
PUL0253,"null,null,null,null,Fer4|Fer4,null,null,GT2,null,GT2,null,null,GT101,GT2,GT2,null,GT4,null,GT4,null,null,null,null,null,8.A.3,null,null,null,GH27,null,null,null"
PUL0254,"null,null,null,9.B.18,null,null,9.B.18,null,null,null,null,Fer4,null,null,null,null,GT4,null,null,GT4,null,null,null,1.B.18,null,8.A.3,null,null"
PUL0255,"null,Fer4,null,null,null,null,null,null,SIS,null,null,null,GT2,9.B.18,1.B.18,8.A.3"
PUL0256,"null,null,null,9.B.18,null,null,null,null,null,null,null,null,null,GT4,GT94,null,9.B.18,null,1.B.18"
PUL0257,"null,Pyr_redox,null,null,GT4,null,null,GT2,null,null,null,null,GT4,GT2,null"
PUL0258,"null,9.B.18,GT2,GT2,null,GT2,GT25,null,null,2.A.66"
PUL0259,"GerE,9.B.18,null,null,null,null,CbiA,null,null,null,null,null,GT4,PL15,null,GT4,null,null,null,null,null,null,AraC_binding,null"
PUL0260,"GT4,null,null,null,null,null,null,null,null,null,null,null,null,null"
PUL0261,"8.A.3,null,GT4,GT4,GT4,null,GT2,null,GT14,GT14,GT32,GT8,GT2,null,GT2,null,2.A.66"
PUL0262,"1.B.14,null,null,null,null,GH10,GH10,GH5_21,CE1,CE6|GH95,GH8,HTH_AraC|HTH_AraC"
PUL0263,"GH10,null,null,1.B.14,HTH_AraC|HTH_AraC|HTH_AraC"
PUL0264,"null,null,GH16,HTH_18,1.B.14,GntR,GntR,null,null,null,null,null,null,2.A.1,null,null,null,null,null,null,GH16,null,null,null,null,null,null,null,null"
PUL0265,"LacI|Peripla_BP_1|Peripla_BP_3,GH13_31"
PUL0266,"null,null,null,HTH_5,3.A.1,3.A.1,3.A.1,3.A.1,null,null,GH42,GH36,PfkB,null,null"
PUL0267,"Pyr_redox_2,CBM48|GH13_9,null,null,GT5,GT35,GH13_39,null,null,3.A.1"
PUL0268,"3.A.1,3.A.1,3.A.1,GH13_1,LacI|Peripla_BP_3"
PUL0269,"3.A.1,null,PIG-L,null,GH3,3.A.1,3.A.1,SBP_bac_1,null,HTH_5,null,null,null,CBM5,GH18,CBM5|GH18"
PUL0270,"null,null,null,null,null,2.A.38,null,GT4,null,CE4,9.B.42,1.B.66,null,1.B.18,null"
PUL0271,"GH30_1,GH42,2.A.1,TetR_N"
PUL0272,"2.A.2,GH2,LacI"
PUL0273,"3.A.1,GH42,3.A.1,3.A.1,LacI"
PUL0274,"null,GH43_12,LacI,SBP_bac_1,3.A.1,3.A.1,GH43_11,null,null,GH43_10,null,HTH_IclR"
PUL0275,"8.A.9,GH77,9.B.28,3.A.1,3.A.1,LacI,3.A.1,8.A.9"
PUL0276,"8.A.9,null,null,GH36,3.A.1,3.A.1,SBP_bac_1,null,GH36"
PUL0277,"null,4.A.1,null,GH32,LacI"
PUL0278,"GH32,3.A.1,3.A.1,3.A.1,LacI,HTH_Mga|Mga|PRD_Mga"
PUL0279,"GH32,3.A.1,3.A.1,3.A.1,LacI,HTH_Mga|Mga|PRD_Mga"
PUL0280,"null,8.A.3,8.A.3,null,9.B.18,GT4,GT4,GT2,null,GT2,GT2,null,null,null,null"
PUL0281,"null,null,null,null,null,null,null,TPR_2,null,null,null,null,GT2,9.B.142,4.D.2,null,null,null,null,null,null,null,null,null,GT4,GT4,null,null"
PUL0282,"1.B.52,LacI,3.A.1,3.A.1,3.A.1,GH42,null"
PUL0283,"3.A.1,3.A.1,3.A.1,GH42,LacI,GH53|CBM61"
PUL0284,"2.A.2,GH2,LacI"
PUL0285,"null,LacI,3.A.1,3.A.1,GH42,3.A.1"
PUL0286,"null,null,null,Aminotran_1_2,null,GT2,null,GT4,null,null,GT2,null,null,1.B.18,null,8.A.3"
PUL0287,"MarR,4.A.3,null,4.A.3,GH1,4.A.3"
PUL0288,"null,GT2,null,null,null"
PUL0289,"1.B.14,HTH_AraC|HTH_AraC,GH97,GH3,GH43_10,GH146,GH115,CE6|CE1,null,GH43_12,null,1.B.14"
PUL0290,"null,null,GT4,GT4,null,null,null,null,4.D.1,null,null,null"
PUL0291,"1.B.35,2.A.2,2.A.2,GH31,null,null,null,null,PfkB,HTH_DeoR"
PUL0292,"null,null,GH16,null,null,GH3,SIS|SIS,GntR,null,1.A.30,1.A.30,1.B.14,null,null"
PUL0294,"null,null,GH120,null,GH43_12,GH43_11,3.A.1,3.A.1,3.A.1,LacI,null,null"
PUL0295,"2.A.3,null,null,GH43_22|GH43_34,GH43_22|GH43_26,GH43_27,GH43_22,GH43_22,9.B.28"
PUL0296,"2.A.3,HTH_5,GH43_22,9.B.28"
PUL0297,"SBP_bac_1,3.A.1,3.A.1,GH42,LacI,GH53|CBM61,null,null,null"
PUL0298,"SBP_bac_1,3.A.1,3.A.1,GH42,LacI,2.A.2,null,null,null,null"
PUL0299,"null,LacI,3.A.1,3.A.1,SBP_bac_1,null,null,null,null,null,GH29,GH95,null"
PUL0300,"null,null,3.A.1,3.A.1,SBP_bac_1,GH43_26,null,LacI,GH43_27,GH43_4,GH43_4,null,GH51,3.A.1"
PUL0301,"null,null,null,null,GT32,GT2,null,GT2,null,null"
PUL0302,"GH51,GH146,null,null,null,null,NUDIX,2.A.21,null,null,null,null,GH43_4,null,1.B.14,null,1.B.14,null,HTH_AraC|HTH_AraC,GH43_4,GH51,GH43_29"
PUL0303,"SBP_bac_1,3.A.1,3.A.1,3.A.1,null,CE9,null,null,null"
PUL0304,"GH2,GH53,null,8.A.46,1.B.14,null,HTH_AraC|HTH_AraC|HTH_AraC"
PUL0305,"GH105,CE8,CE12|CE8,HTH_AraC,null,null,1.B.14,PL1_2,PL1_2,9.B.116,LytTR,PL1_2,null,1.B.14,null,GH28,HTH_AraC|HTH_AraC"
PUL0306,"GH2,GH53,null,8.A.46,1.B.14,GH147,HTH_AraC|HTH_AraC|HTH_AraC"
PUL0307,"null,1.E.2,1.E.2,GH18,HTH_1,AA10"
PUL0308,"GH16,1.B.14,8.A.46,null,GH3"
PUL0309,"SBP_bac_3,3.A.1,3.A.1,GH43_4,GH127,GH51,GH27,GH51,3.A.1,3.A.1,3.A.1,GH146"
PUL0310,"CBM4,null,null,1.B.14,null,1.B.14"
PUL0311,"GT2,4.D.3,GH8,1.B.55"
PUL0312,"GH68,GH32"
PUL0313,"PL6|PL6_1,PL7_5,PL6|PL6_1"
PUL0314,"null,null,null,GT4,GT2"
PUL0315,"1.B.14,null,null,GH16"
PUL0316,"GH2,null,null,null,null,null,null,null,GH117|GH117,HTH_AraC,0040266,GerE,null,null,1.B.14"
PUL0317,"null,null,GH16"
PUL0318,"null,TetR_N,GH16|CBM16"
PUL0319,"TPR_1,GH5_42,null,null"
PUL0320,"PL11|CBM3,CBM66|PL3_1,CBM66|PL9_1,HTH_AraC|HTH_AraC,GH10|CBM3|CBM3|GH48,null,GH5_8|CBM3|CBM3|GH44,GH74|GH74|GH74|GH74|CBM3|CBM3|GH48,null,null,null,GT39,GH9|CBM3|CBM3|CBM3|GH5_8,GH5_8|CBM3|CBM3|CBM3|GH5_1,GH9|CBM3|CBM3|CBM3|GH48,null,null,null,null"
PUL0321,"GH1,1.B.3,4.A.3,4.A.3,4.A.3,GntR"
PUL0322,"PL11|CBM3,CBM66|PL3_1,CBM66|PL9_1,CBM66|PL9_1,CBM66|PL9_1,null,HTH_AraC|HTH_AraC,GH74|GH74|GH74|GH74|CBM3|CBM3|GH48,null,null,null,GT39,GH9|CBM3|CBM3|CBM3|GH5_8,CBM22|CBM22|GH10|CBM3|CBM3|GH5_1,GH10|CBM3|GH12|GH48,GH5_8|CBM3|CBM3|GH44,GH9|CBM3|CBM3|CBM3|GH48,null,null,null"
PUL0323,"GH53,GH42,3.A.1,3.A.1,3.A.1,LacI|Peripla_BP_3"
PUL0324,"null,null,1.B.18,null,8.A.3,null,CBS,null,null,null,null,null,GT4,GT4,null,null,9.B.18"
PUL0325,"null,1.B.14,null,GH30_3,null,GH3"
PUL0326,"null,null,null,GH73,null,null,null,Peptidase_M23,null,null,null,9.B.154,null"
PUL0327,"8.A.9,CBM34|GH13_20,null,3.A.1,3.A.1,3.A.1"
PUL0328,"null,GH127,null,null,GH43_26,GH2,GH5_13,null,null,1.B.14"
PUL0329,"GH43_10,GH43_12,null,null,GH43_1,1.B.14,null,null,null,null,null,null,null,LacI,null,GH3,GH67,null,null,GH10,GH115,CE15,null,null,2.A.21"
PUL0330,"1.B.14,8.A.46,null,CE8,PL9_1,null,null,null,null,null,PfkB,null,2.A.56,2.A.56,2.A.56,null,null,null,LacI,GH28,null,GH105,GH43_10,GH28|PL9_1,CE12,CE10|CE8,CE12,PL10_1"
PUL0331,"4.A.3,4.A.3,GH1,null,4.A.3,LacI|Peripla_BP_3"
PUL0332,"GH5_2,GH5_7,CE7,HTH_AraC|HTH_AraC,GH2,GH94,8.A.5,GH97,null,null,null,null,null,null,8.A.46,1.B.14,GH127,null,GH127"
PUL0333,"null,null,PALP,null,null,null,null,null,null,null,null,3.A.1,null,GH9,null,null,1.B.14,GH31,HTH_AraC|HTH_AraC,GH9,null,null"
PUL0334,"GH9,null,null,1.B.14,GH31,HTH_AraC|HTH_AraC,GH9,null,null,GH9,null,ATPase_2,null,null,null,CE4,null,HATPase_c,GerE,null,null,null,null"
PUL0335,"null,HTH_8,null,Glyoxalase,3.B.1,null,3.B.1,3.B.1,TPR_1,GH13,null,null,null,null,null,null,null,Pribosyltran,HTH_AraC,Fer4,GH97,null,1.A.43,null,null,GH3,GH158,GH16,null,null,null"
PUL0336,"1.A.43,null,null,GH3,GH158,GH16,null,null,1.B.14,GerE,null,4.D.2,null,null,2.A.107,null,2.A.7,null,TPR_2,null,null,null,null,HTH_AraC|HTH_AraC,2.A.1"
PUL0337,"null,Aminotran_1_2,null,GerE,null,2.A.35,2.A.1,HTH_AraC|HTH_AraC,null,null,null,null,TPR_2,null,2.A.7,null,2.A.107,null,null,4.D.2,null,GerE,1.B.14,null,null,GH16,GH158,GH3,null"
PUL0338,"2.A.1,HTH_AraC|HTH_AraC,null,null,null,null,TPR_2,null,2.A.7,null,2.A.107,null,null,4.D.2,null,GerE,1.B.14,null,null,GH16,GH158,GH3,null,null,1.A.43,null,GH97,Fer4,HTH_AraC,Pribosyltran,null,null,null,null"
PUL0339,"null,null,null,null,null,null,null,GH97,1.A.43,null,GH3,null,GH16,null,null,1.B.14,null,null,0038753,GH20,Pyr_redox_2,null,3.A.12,0043669"
PUL0340,"HTH_psq,GH5_2,3.A.3,HMA,null,Aminotran_1_2,HTH_3,null,null,null,null,null,Trans_reg_C,HisKA|HATPase_c,null,MerR,null,null,null,null,null,null,null,Sigma70_r4_2,HTH_3,HTH_3,HTH_3,null,null,null,null,null,null,null,null,null,null"
PUL0341,"GH32,GH91,3.A.1,3.A.1,SBP_bac_1,LacI,3.A.1,null,null,null,TrmB,null,2.A.115,HTH_psq,GH5_2,3.A.3,HMA,null,3.A.7,null,null,null,null,null,null,null,null,null,null,null,null,null,null,null,null,null,null,null,null,null,null,null,null"
PUL0342,"GH10|CE1,GH95,GH3,SBP_bac_1,HTH_AraC|HTH_AraC"
PUL0343,"null,null,null,null,null,null,null,null,null,null,null,null,null,null,null,null,null,null,null,null,null,3.A.7,null,null,HMA,3.A.3,GH5_2,HTH_psq,2.A.115,null,TrmB,null,null,null,3.A.1,LacI,SBP_bac_1,3.A.1,3.A.1"
PUL0344,"GH18|GH18,GH20,PIG-L,8.A.46,1.B.14,GH18,8.A.46,1.B.14,null,LytTR,2.A.1"
PUL0345,"HTH_AraC|HTH_AraC,1.B.14,null,null,GH10,null,GH35,null,2.A.2,GH10|GH43_12,GH43_1,null,GH67,null,null,0036286,null,GH8,CE6|GH95,CE1,GH5_21,null,GH10,null,null,null,null,1.B.14,null,null,GH115"
PUL0346,"GH43_29,HTH_AraC,null,null,null,null,null,1.B.14,GH43_12,GH43_1,GH10,null,2.A.2,null,GH16"
PUL0347,"null,null,null,null,HTH_AraC|HTH_AraC,null,2.A.1,MarR,Glyoxalase,2.A.1,null,GH13_11,null"
PUL0348,"GH33,GH20,null,null,GH2,GH20|CBM32,null,GH20,GH92,GH2,1.B.14,null,GH2"
PUL0349,"GH4,GntR,4.A.1"
PUL0350,"null,9.B.146,null,Pyr_redox,null,null,GT4,null,null,GT2,null,null,null,null,GT4,GT2,null,null,null,null,null"
PUL0351,"2.A.1,null,GH32,LacI"
PUL0352,"GerE,FecR,1.B.14,null,GH20,null"
PUL0353,"1.B.14,8.A.46,GH0,null,null,null,null,GH92,GH92,FecR,GerE"
PUL0354,"GH93,null,1.B.14,GH43_31,null,HTH_AraC|HTH_AraC,GH43_31,null"
PUL0355,"GH30_4,null,null,1.B.14,null,null,HTH_AraC,GH18"
PUL0356,"null,Sigma70_r2|Sigma70_r4_2,FecR,1.B.14,8.A.46,GH18,null,null,null"
PUL0357,"CBM32,null,1.B.14"
PUL0358,"GH35,GH43_19,GH43_9|GH43_19,GH51"
PUL0359,"GH43_10,GH97,GH29,null,HTH_AraC|HTH_AraC|HTH_AraC"
PUL0360,"GH2,GH53,null,8.A.46,1.B.14,null"
PUL0361,"8.A.9,3.A.1,3.A.1,3.A.1,GH13_20,GH4"
PUL0362,"LacI,2.A.2,null,GH13_4"
PUL0363,"1.B.14,CE8,PL10_1"
PUL0364,"GH10,GH2,null,GH10,2.A.1,null,2.A.2,GH43_1"
PUL0365,"LacI,GH13_2,2.A.2,null,GH97,1.B.14,null,8.A.9"
PUL0366,"HTH_DeoR,null,4.A.6,4.A.6,4.A.6,4.A.6,CE9,SIS|SIS,null,4.A.6,4.A.6,4.A.6,null"
PUL0367,"GH42,3.A.1,3.A.1"
PUL0368,"2.A.2,0039939,GH2,GH95,GH29,null,null,null,null,9.B.28,3.A.1,3.A.1,SBP_bac_1,3.A.1,3.A.1,SBP_bac_1,GH33,null,SBP_bac_1,SBP_bac_1,SBP_bac_1,null,SBP_bac_1,GH20,null,SBP_bac_1,null,3.A.1,3.A.1,3.A.1"
PUL0369,"4.A.6,4.A.6,4.A.6,GH88,4.A.6,null,null,PfkB,null,null,Nitroreductase"
PUL0370,"null,GH1,4.A.1"
PUL0371,"GH13_20,8.A.9,3.A.1,3.A.1,3.A.1"
PUL0372,"null,GH1,4.A.1"
PUL0373,"LacI,GH32,4.A.1,1.B.3,PfkB"
PUL0374,"LacI,GH36,2.A.1"
PUL0375,"null,null,null,HTH_8,HisKA|HATPase_c|Response_reg,GH97,null,GH67,GH76,null,null,1.B.14,null,HTH_AraC,GH92,null,GH76,GH125,null"
PUL0376,"1.B.14,null,1.B.14,null,null,null,GH16,GH18,HTH_AraC|HTH_AraC"
PUL0377,"PL8_2,null,null,null,PL29,null,null,8.A.46,1.B.14,null,HTH_AraC,null,null,2.A.6,2.A.6,2.A.6,GH2,null,null,null,null,null,1.B.14,null,GH88,null,PL8_2"
PUL0378,"GH92,GH38|CBM32,GT32,GT32,null,null,null,GH130,GH125,GH76,null,GH92,null,HTH_AraC,null,1.B.14,null,null,null,GH76"
PUL0379,"null,1.B.14,null,null,null,GH92,null,null,null,GH99"
PUL0380,"1.B.14,8.A.46,GH0,null,null,null,null,GH92,GH92,FecR,GerE,GH92"
PUL0381,"CE4,4.A.3,4.A.3,4.A.3,GH4,null"
PUL0382,"null,GH2,2.A.115,GH109,null,null,null,1.B.14,FecR,null,Sigma70_r4_2"
PUL0383,"GerE,FecR,1.B.14,null,GH89"
PUL0384,"PL15_2,2.A.1,null,null,null,PL12_2,GH88,8.A.46,1.B.14,null,PL12_2,HTH_AraC|HTH_AraC"
PUL0385,"GH48,GH8,GH9|CBM3,CBM4|GH9,null,GH9,GH9|CBM3,GH5_17,GH9,null,PL11,GH5_1"
PUL0386,"GH43_16|CBM6,GH10|CBM6,GH43_29|CBM6,CE1|CBM6,GH43_10|CBM6,GH62|CBM6,GH43_29|CBM6,GH146|CBM22,GH27|CBM6,GH59|CBM6,GH2|CBM6"
PUL0387,"1.B.14,null,CE9,SIS|SIS,LacI,2.A.1,GntR"
PUL0388,"null,null,null,GT4,null,GT4,null,Pyr_redox,GT2"
PUL0389,"null,null,GT4,null,GT4,null,null,GT2"
PUL0390,"GH67,3.A.1,3.A.1,3.A.1,3.A.1,3.A.1,CBM22|CBM22|GH10|CBM9|CBM9,null,null,null,HTH_11,null,PfkB,null,null,GH10,3.A.1,3.A.1,3.A.1,3.A.1,3.A.1,GH3,CE7,3.A.1"
PUL0391,"PL11|CBM3,CBM66|PL3_1,CBM66|PL9_1,HTH_18,GH10|CBM3|CBM3|GH48,null,GH5_8|CBM3|CBM3|GH44,GH74|GH74|GH74|GH74|CBM3|CBM3|GH48,null,null,null,GT39,GH9|CBM3|CBM3|CBM3|GH5_8,GH5_8|CBM3|CBM3|CBM3|GH5_1,GH9|CBM3|CBM3|CBM3|GH48"
PUL0392,"null,8.A.46,1.B.14,Sigma70_r2|Sigma70_r4_2,GH67,2.A.2,null,GH13_14"
PUL0393,"null,null,CBM6|GH86|GH86,1.B.14,null,null,null,null,null,GH16|CBM6"
PUL0394,"LacI,3.A.1,3.A.1,null,GH32,PfkB"
PUL0395,"3.A.1,8.A.59,Response_reg|HTH_18,3.A.1,null,null,3.A.1,3.A.1,GntR|Peripla_BP_3,null,null,null,null,GH43_5,SBP_bac_1,3.A.1,3.A.1,GH43_4,GH51,GH51,null,null,null,null,GH127"
PUL0396,"GntR,4.A.1,4.A.1,1.B.1,CE9,SIS|SIS,null"
PUL0397,"1.B.14,8.A.46,GH18,null,null"
PUL0398,"null,null,null,null,null,1.B.14,GH2,null,null"
PUL0399,"null,null,null,null,null,GH42,2.A.2,null,LacI,GH2,null,null"
PUL0400,"null,null,null,PL6|PL6_1,PL17_2|PL17,AraC_binding,2.A.1,PfkB,null,GntR,CBM32|PL7_5,1.B.14,PL6_3,PL7_5"
PUL0401,"GH16,1.B.14,9.B.34,2.A.35,GH3,2.A.1,8.A.49,LacI,2.A.1"
PUL0402,"GH43_11,2.A.2,null,null,null,HTH_AraC|HTH_AraC"
PUL0403,"1.B.14,GH1,2.A.2,LacI|Peripla_BP_3"
PUL0404,"null,null,null,2.A.56,2.A.56,2.A.56,LacI,null,null,null,null,PfkB,CE12,null,1.B.14,GH105,GH28,CE8"
PUL0405,"TrmB,PL1_2,null,PL1_5|PL1_5"
PUL0406,"3.A.1,null,null,LacI,GH16,GH3,GH18,1.E.19,null,null,null,null,null,HTH_5,3.A.3,9.B.105,null,null,null,null"
PUL0407,"null,4.A.3,GH1,4.A.3"
PUL0408,"GH26,GH130,2.A.2,null"
PUL0409,"SIS|CBS|CBS,8.A.4,1.B.18,null,9.A.41,9.A.41,GT38,null,null,null,null,null,3.A.1,3.A.1"
PUL0410,"null,null,null,null,2.A.1,GH33,GntR"
PUL0411,"GH10,GH43_1"
PUL0412,"GH28,2.A.1"
PUL0413,"3.A.1,8.A.49,3.A.1,3.A.1,null,null,null,null,null,null,null,AAA,8.A.59,null,3.A.12,null,null,GH44,null,null,null,1.C.39,null,2.A.21,null,null,null,null,null,null,null"
PUL0414,"null,null,null,null,null,null,GH10,3.A.12,ATPase_2,null,null,null,null,null,SBP_bac_1,3.A.1,3.A.1,8.A.49,GH10,null,null,null,null,null,null,null,null,Fer4"
PUL0415,"8.A.46,1.B.14,GH20,GH20"
PUL0416,"null,null,2.A.1,null,1.B.14,null,null,null,null,null,CE6|GH151,null"
PUL0417,"null,CE6,null,null,null,null,null,null,1.B.14,null,2.A.1,2.A.1,null"
PUL0418,"1.B.14,null,null,null,null,CE1,CE1,null,null"
PUL0419,"GH5_2,1.B.14,null,null,GH5_5,GH2,GH5_5,GH140,GH130,2.A.2,CBM67|GH78"
PUL0420,"GH144,GH3,8.A.46,1.B.14"
PUL0421,"GH13_10,null,null,8.A.46,1.B.14,GH97,GH13"
PUL0422,"1.B.14,8.A.46,GH18,null"
PUL0423,"GH94,8.A.49,null"
PUL0424,"null,null,null,null,8.A.46,1.B.14,null,null,null,1.B.14,8.A.46,GH18,null,null,GH163,null,GH130,GH92"
PUL0425,"null,PfkB,2.A.1,null,GH32,GH91,GH91,null,1.B.14,null,GH32"
PUL0426,"null,null,null,null,8.A.46,1.B.14,GH0,null,null,null,GH92,GH92,FecR"
PUL0427,"GH53,null,8.A.46,1.B.14,null,GH147"
PUL0428,"TetR_N,4.D.1,null,CE4,9.B.97"
PUL0429,"1.B.18,null,null,null,null,null,null,null,null,ComK,null,null,null,null,9.B.18,null,null,CbiA,null,null,null,null,null,null,null,null,null,null,GT2,null,null,null,null,null,null,GT2,null,null,4.C.1,null,GT4,GT2"
PUL0430,"GT4,null,GT4,null,null,8.A.3,null,null,null,null,null,GT94,null"
PUL0431,"null,null,null,null,null,NUDIX,null,null,null,null,null,null,GT26,null,null,null,null,null"
PUL0432,"null,null,null,null,null,null,null,GT4,2.A.121,null,GT2"
PUL0433,"null,null,null,null,null,null,null,null,GT2,null,9.B.97,null"
PUL0434,"CBM4|GH9,null,GH9,GH5_17,CBM4|GH9,CBM4,null,2.A.69"
PUL0435,"GH43_34,GerE,FecR,1.B.14,8.A.46,GH30_1,GH30_3,GH16,null,null,1.B.14,FecR,Sigma70_r2|Sigma70_r4_2"
PUL0436,"GH65,null,GH13,null,8.A.46,1.B.14,LacI,CBM32|CBM32"
PUL0437,"null,GH51,null,null,1.B.14,HTH_AraC|HTH_AraC"
PUL0438,"1.B.14,8.A.46,GH89,DUF24,null,4.D.3,GH158"
PUL0439,"GH33,8.A.46,1.B.14,FecR"
PUL0440,"GH2,null,1.B.14,HTH_AraC,GH76"
PUL0441,"null,1.B.14,FecR,GerE,GH130,GH43_26|CBM13"
PUL0442,"GH18|GH18,null,GH18|CBM6,GH16|CBM6,null,GerE,FecR,1.B.14,null"
PUL0443,"GH16,GerE,Sigma70_r2|Sigma70_r4_2,FecR,1.B.14,8.A.46,null,Y_Y_Y,CBM6|CBM6"
PUL0444,"GH31,1.B.14,null,null,null,GH19"
PUL0445,"PL5|PL7,LacI,3.A.1,3.A.1,3.A.1,3.A.1,3.A.1,PL15_1"
PUL0446,"null,null,null,null,null,null,Aminotran_1_2,null,null,2.A.66,null,GT4,null,null,null,null,null"
PUL0447,"null,GT4,null,9.B.18,null,null,GT4,null,null,2.A.66,null,null,null,null"
PUL0448,"null,null,null,null,null,null,NUDIX,null,null,null,null,null,null,GT4,null,null,null,null,null"
PUL0449,"null,null,GT4,null,null,null,9.B.18,null,null,GT2,GT4,null,null"
PUL0450,"null,null,null,null,null,null,GT52,null,null,GT2,Pyr_redox,GT2,null,null"
PUL0451,"null,null,8.A.3,8.A.3,9.B.18,GT4,null,4.D.1,null,null,null,null,null,null,null,null,null,null"
PUL0452,"null,null,8.A.3,8.A.3,9.B.18,GT4,null,GT2,null,null,null,null,null,null,null,null,null,null"
PUL0453,"null,null,8.A.3,8.A.3,9.B.18,GT4,null,4.D.1,null,null,null,null,null,null,null,null,null,null"
PUL0454,"GH13_13|CBM41|CBM41,null,null,3.A.1,null,null,GT5,null,NUDIX,GT5,null,GH77,PfkB|PfkB,null,null,null,null,null,null,null,GH13_13|CBM41|CBM41,GH13_2|CBM20"
PUL0455,"2.A.1,GH13_18,LacI"
PUL0456,"null,2.A.1,HTH_AraC|HTH_AraC,1.B.14,null,1.B.14,GH43_10,HTH_AraC|HTH_AraC,GH43_1,GH10,2.A.2,null,GH67"
PUL0457,"null,null,GH43_11,2.A.2,2.A.1,null,null"
PUL0458,"GH16,null,null,null,null,null,null,null,HTH_1,null,null,2.A.1,null,null,null,GntR,null,null,null,null,null,GH16|CBM16|CBM16,null,1.B.52,null,TrmB,null,GH16,2.A.21,null,null,null,null,null,null,null,null,null,null,null,null,null,GH16,null,null,null,null,null,GntR"
PUL0459,"GH2,2.A.21,null,null,3.D.1,null,GH96,GH96,null,null,2.A.1,GH50,GH50,null,null,GH29,null,SBP_bac_1,TrmB,null,null,null,null,null,null,null,null,null,null,null,null,1.B.14,null,GntR,GH50,1.B.14,null,null,null,GH86,null,3.A.1,3.A.1,3.A.1,3.A.1,null,PfkB,GH117|GH117"
PUL0460,"GH2,GH29,null,PfkB,GH63,null,2.A.21,null,Sigma70_r4,null,null,null,HTH_18,HTH_AraC,null,1.B.14,null,null,0040266,GH86|GH86|CBM6,null,GntR,GH50,null,null,null,null,null,null,null,TetR_N,Glyoxalase,null,null,null,null,null,null,null,GH86,GntR,GH50,1.B.14,null,null,null,2.A.1,GH117|GH117,PfkB,null,null,null,null,HTH_1,1.B.6,null,GH50,null,2.A.56,null,2.A.56,null,null,GH16,null,null,HTH_3,null,GH50,null,Pyr_redox_2,null,null,CE1,null,2.A.21,HTH_AraC|HTH_AraC,GH16,null,null,null,GH127,null,null,null,null,null,GH16,null,null,GH82,null,null,GH16,GH16,null,null,null,null,null,1.B.14,MarR,HTH_11,null,Crp,GH16,null,null"
PUL0461,"null,null,null,null,9.B.18,GT4,null,null,null,GT4,GT4,1.B.6"
PUL0462,"null,null,null,null,null,null,null,GT2,GT4,null,null,GT2,null,null"
PUL0463,"Fe_dep_repress,null,null,2.A.1,null,GH89,1.B.14,null,null,null,null,null,CE2"
PUL0464,"null,null,null,null,null,null,1.B.14,null,2.A.1,GH33,GH20,null,GH2,GH20,GH20,GH2"
PUL0465,"GerE,FecR,1.B.14,8.A.46,null,null,null,GH18"
PUL0466,"GH51,3.A.1,3.A.1,3.A.1,null,null,null,null,null"
PUL0467,"1.A.23,null,GH29|CBM32,GH2,GH20,null,null,null,1.B.14,GH18,null,null,HTH_AraC,null"
PUL0468,"null,TPR_2|TPR_1|TPR_2,null,Peptidase_M23,HTH_AraC|HTH_AraC,null,GH43_26,null,null,null,null,null,null,null,1.B.14,null,null,null,null,null,null,null,1.B.14,null,null,null,null,null,null,ATPase_2,null,null,1.B.14,null,null,null,null,null,null,null,GH76,null,null,null,1.B.14,null,null"
PUL0469,"8.A.9,null,null,8.A.46,1.B.14,GH97,8.A.9,null"
PUL0470,"Sigma70_r2|Sigma70_r4_2,FecR,1.B.14,1.B.14,8.A.46,GH18,null"
PUL0471,"HTH_AraC,1.B.14,null,null,null,GH92,GH92,null,GH92"
PUL0472,"null,GerE,null,GH38,GH92,GH2,null,CBM67|GH78,CE1,null,null,null,1.B.14,null,null,null,null,null,null,null,null,1.B.14,null,GH92,GH92,GH130,GH43_8,null"
PUL0473,"GH13|CBM26,GH97,GH13,null,8.A.46,1.B.14,FecR,GerE"
PUL0474,"GerE,1.B.14,8.A.46,GH30_1,GH30_1,GH3,null,GH30_3,GH3"
PUL0475,"null,LacI,3.A.1,3.A.1,3.A.1,8.A.49,CBM2|GH18"
PUL0476,"HTH_11|HTH_AraC,1.B.14,null,GH5_13,GH43_18,GH2,GH43_26,null,GH43_31,GH29|CBM32|CBM32,PIG-L"
PUL0477,"GerE,1.B.14,8.A.46,null,GH16,GH16"
PUL0478,"LacI,1.B.14,8.A.46,GH2,GH92,GH92,GH125,null"
PUL0479,"GH43_19|GH43_34,GH27,GH2,GH95,GH51,GH28,GH28,2.A.21,null,GH2,null,HTH_AraC,null,null,null,GH92,GH92,null,1.B.14,GH89"
PUL0480,"GH3,HTH_AraC,1.B.14,null,null,GH10,GH16,GH8,2.A.2"
PUL0481,"8.A.46,1.B.14,HTH_AraC|HTH_AraC,GH97,GH3,GH43_10,GH146,GH115,null,GH43_12,null,1.B.14,GH3"
PUL0482,"CBM67|GH78,null,GH142,GH95,null,CBM67|GH78,GH143,GH43_18,GH28,GH140,null,PL1_2,null,PL1_2,null,1.B.14,CE8,GH127,PL1_2,GH139,null,GH106,GH2,GH137,null,GH78,HTH_AraC"
PUL0483,"GH2,CE12|CE12,null,GH28,null,null,GH117,null,null,1.B.14,GH106,GH105"
PUL0484,"CE12,GH28,PL10_1|CE8,GH43_10,GH105,GH105,GH105,null,8.A.46,1.B.14,GH28,LacI"
PUL0485,"GH65,GH97,GH31,GH66,null,8.A.46,1.B.14,null,null"
PUL0486,"9.B.67,GH13_18,3.A.1,3.A.1,3.A.1,GH36,HTH_AraC|HTH_AraC,HTH_11"
PUL0487,"GH18|GH18,GH20,PIG-L,8.A.46,1.B.14,GH18,8.A.46,1.B.14,null,LytTR|LytTR"
PUL0488,"GH5_2,GH27,null,null,8.A.46,1.B.14,HTH_AraC,GH26,2.A.2,GH130,null,GH26,GH5_7,GH97"
PUL0489,"null,null,null,null,null,null,null,null,null,SIS,null,GT4,null,null,null,null,null,null,null,null,9.B.18"
PUL0490,"null,null,null,null,null,null,Aminotran_1_2,null,GT2,null,null,GT11,9.A.29,null,9.B.18,null,null,null,null,null"
PUL0491,"null,null,null,null,null,null,null,null,null,null,null,GT46,9.B.18,null,null,null,9.B.18,null,null,null"
PUL0492,"null,null,null,null,null,null,null,2.A.66,null,null,null,GT2,null,GT0,null,Aminotran_1_2,9.B.18,null,9.B.18,null,null"
PUL0493,"null,null,GT2,GT4,null,GT4,2.A.66,GT10,GT2,null,null,null,null,Aminotran_1_2"
PUL0494,"null,null,null,null,null,2.A.66,null,Aminotran_1_2,null,null,9.B.97,null,null,null,null,GT4,GT4,null,null,null,GT4,null,9.B.146"
PUL0495,"null,null,null,null,null,null,null,GT2,null,GT2,null,null,null,null,null,null,GT94,null,GT2,null,9.B.18,null"
PUL0496,"null,null,null,GT2,GT2,null,null,GT2,GT2,null,null,null,null,null,Aminotran_1_2,9.B.146"
PUL0497,"GH18,AA10|CBM5,GH18|CBM5"
PUL0498,"null,null,null,GT2,9.B.97,null,null,null,null,GT4,null,GT11,GT4,GT4,GT4,GT26,null,null,null,null,null,9.A.25,null,null,null"
PUL0499,"GT2,GT2,GT101,GT4,2.A.66,GT2,null,null,null,GT2,GT2,null,null,null"
PUL0500,"null,GT4,GT94,GT4,null,null,null,GT4,GT2"
PUL0501,"2.A.66,null,GT2,null,null,GT4,null,null,9.B.18"
PUL0502,"null,null,null,null,null,null,null,GT11,null,null,GT2,GT2,null,GT4,9.B.18,null,null,null,null,null"
PUL0503,"null,null,null,null,GT11,GT4,null,null,GT2,null,GT4,CE4,GT4,GT2,null,9.B.146"
PUL0504,"9.B.146,null,GT2,GT2,9.B.183,GT2,GT11,GT10,null,null,null,null,null,null,null,null"
PUL0505,"9.B.146,null,GT4,GT4,GT4,null,GT2,null,GT2,null,null,null,null,null"
PUL0506,"null,null,null,null,null,2.A.66,GT8,null,null,GT2,null,GT2,null,null,9.B.146"
PUL0507,"null,Aminotran_1_2,null,null,2.A.66,null,null,null,null,null,null,null,null,PL12,null,9.B.18,null,null,null"
PUL0508,"LacI,3.A.1,3.A.1,3.A.1,GH3"
PUL0509,"null,null,null,GT2,GT4,null,GT2,GT2,GT2,GT10,null,Nitroreductase,null,9.B.146"
PUL0510,"null,null,null,null,GT2,GT2,GT2,null,null,null,GT2,null,null,GT4,Fer4|Fer4,null,GT4,GT26,null,null,null,null,null,9.A.25,null,null,null"
PUL0511,"GT2,null,null,GT2,GT4,null,null,2.A.66,4.D.1,GT2,GT2,null,null,null"
PUL0512,"null,GT4,GT94,GT4,null,null,null,GT4,GT2,null"
PUL0513,"null,null,null,null,null,null,null,null,null,null,null,null,GT2,GT2,null,9.B.18"
PUL0514,"null,null,null,null,null,null,null,GT11,null,null,GT2,GT2,null,GT4,9.B.18,null,null,null,null,null"
PUL0515,"null,null,null,null,null,null,null,null,null,null,null,GT46,9.B.18,null,null,null,9.B.18,null,null,null"
PUL0516,"9.B.18,null,null,null,GT4,null,GT4,9.B.67,GT2,null,null,GT4,2.A.66"
PUL0517,"null,null,null,null,null,9.B.18,GT2,GT2,GT11,null,GT2,null,null,null,null,null,null,2.A.66,null"
PUL0518,"Fer4,null,null,null,null,null,null,null,null,null,null,null,null,GT2,null,null,GT2,GT4,GT4,null,null,9.B.146"
PUL0519,"GT35,GH77,3.A.1,3.A.1,3.A.1,null,LacI"
PUL0520,"2.A.2,GH43_11"
PUL0521,"null,null,null,2.A.66,null,null,Aminotran_1_2,null,GT2,GT4,null,null,9.B.18,null,null,null,null,null,null,null,null,null,null"
PUL0522,"null,null,GT2,GT4,GT2,null,GT32,null,GT2,null,null,GT2,null,Aminotran_1_2,null,null,null,null,null,9.B.146"
PUL0523,"null,GT4,GT4,GT4,GT26,null,null,null,null,null,9.A.25,null,null,null"
PUL0524,"GT2,null,GT2,GT4,GT101,null,2.A.66,GT4,GT2,GT2,null,null,null"
PUL0525,"null,GT94,GT4,null,null,null,GT4,GT2,null"
PUL0526,"null,1.B.14,null,GH30_3,null,GH3"
PUL0527,"null,HATPase_c,null,9.B.174,GH3,GH2,GH31,HTH_AraC|HTH_AraC,GH9,null,null,1.B.14,GH5_4,GH43_12,GH43_12,GH3"
PUL0528,"GH3,HTH_AraC,GH16,1.B.14,8.A.46,null,GH3"
PUL0529,"GH105,CE8,CE12|CE8,HTH_AraC,PL1_2,PL1_2,PL1_2,CE8,null,null,1.B.14,9.B.116,LytTR,PL1_2,null,null,PL1_2,1.B.14,8.A.46,null,null,CE8,GH28,GH3,GH43_10,null,HTH_AraC|HTH_AraC"
PUL0530,"null,Sigma70_r2|Sigma70_r4_2,null,PL1_2,HTH_AraC,null,GH2,GH139,null,GH106,null,3.A.3,HisKA|HATPase_c,Trans_reg_C,null,GH2,GH2,HisKA|HATPase_c,HTH_AraC,GH137|GH2|CBM57,GH138,2.A.21,null,null,GH78,GH141,GH127,null,null,Nitroreductase,null,null,null,GH95,GH105,GH140,CBM67|GH78|GH33,null,null,null,null,GH28,CBM67|GH78,GH143|GH142,GH43_18,null,PL1_2,null,1.B.14,null,null,null,1.B.14,null"
PUL0531,"4.A.3,4.A.3,GH1,AraC_binding|HTH_18,null"
PUL0532,"null,GH51,GH43_4,HTH_AraC,1.B.14,null,null,GH43_4,null,2.A.21,NUDIX,null,null,null,GH146,GH51,null"
PUL0533,"HTH_AraC|HTH_AraC,GH115,1.B.14,null,1.B.14,null,null,GH10,GH30_8"
PUL0534,"GH133,GH13_10,null,null,8.A.46,1.B.14,GH2,GH53,GH147"
PUL0535,"GH43_24|GH16,GH16,null,null,1.B.14,null,1.B.14,null,HTH_AraC"
PUL0536,"HTH_AraC|HTH_AraC,GH2,null,null,null,1.B.14"
PUL0537,"GH3,GH3,null,1.B.14,null,GH157,HTH_AraC"
PUL0538,"null,null,2.A.2,GH130,GH26,GH26|GH26,null,null,null,1.B.14,GH5_2,GH5_7,CE7,HTH_AraC|HTH_AraC,GH3"
PUL0539,"PL1_2,null,null,1.B.14,null,GH28,HTH_AraC|HTH_AraC,GH105,null,null,null,null,GH28,PL11,GH106,GH105"
PUL0540,"GH97,GH13,GH13,null,null,1.B.14"
PUL0541,"HTH_AraC,null,1.B.14,8.A.46,PL8_2"
PUL0542,"8.A.59,HTH_AraC|HTH_AraC,SBP_bac_1,3.A.1,3.A.1,null,CE4,GH52,GH10,null,3.A.1,3.A.1,GH67,GH39,PfkB,null,GntR,null,null,null,9.B.28,null,null,AAA,null,null,null,GH43_11,null,null"
PUL0543,"GH30_3,null,1.B.14,null,GH2|CBM57,GH88"
PUL0544,"PfkB,null,null,null,1.B.14,null,null,GH2,null"
PUL0545,"HTH_AraC,GH43_2|CBM6,GH3,GH43_17,GH9,null,1.B.14,GH43_7|GH43_7,null,CE1"
PUL0546,"HTH_AraC|HTH_AraC,null,GH2,1.B.14,null,null,GH30_4,GH51"
PUL0547,"HTH_AraC|HTH_AraC,2.A.21,GH130,1.B.14,null,null,null,null,GH26,GH2,GH3"
PUL0548,"GH28,GH92,GH92,null,1.B.14,FecR,GerE"
PUL0549,"HTH_AraC,GH140,null,null,null,1.B.14"
PUL0550,"PL1_2,CE8,1.B.14,null,null,GH3,HTH_AraC|HTH_AraC|HTH_AraC"
PUL0551,"1.B.14,null,null,GH16,null,GH3"
PUL0552,"1.B.14,null,PL1_2,null,GH43_18,GH143|GH142,CBM67|GH78"
PUL0553,"GH43_10,GH3,null,GH43_12,GH31,GH97,GH43_29|CBM6,GH43_12,1.B.14,null,null,null,null,GH10,null,GH5_21,CE6|CE1,GH43_29|CBM6,Reg_prop|Reg_prop|Reg_prop|Y_Y_Y|HisKA|HATPase_c|Response_reg|HTH_18,GH95,GH115"
PUL0554,"1.B.14,8.A.46,null,GH66,GH31,GH97"
PUL0555,"GH154,GH2,GH20,null,GH88,PL33_1,null,1.B.14,HTH_AraC|HTH_AraC"
PUL0556,"GerE,FecR,1.B.14,8.A.46,GH18,null,null"
PUL0557,"GH97,null,GH67,GH76,null,null,1.B.14,null,HTH_AraC,GH92,null,GH76,GH125"
PUL0558,"HTH_AraC,null,GH2,GH139,null,GH106,null,3.A.3,HisKA|HATPase_c,Trans_reg_C,null,GH2,GH2,HisKA|HATPase_c,HTH_AraC,GH137|GH2|CBM57,GH138,2.A.21,null,null,GH78,GH141,GH127,null,null,Nitroreductase,null,null,null,GH95,GH105,GH140,CBM67|GH78|GH33,null,null,null,null,GH28,CBM67|GH78,GH143|GH142,GH43_18,null,PL1_2,null,1.B.14,null,null,null,1.B.14,null"
PUL0559,"GH43_34,GH43_10,GH97,GH29,null,HTH_AraC|HTH_AraC,null,null,1.B.14,null,null,null"
PUL0560,"null,PL27,GH43_24,GH43_24,null,HTH_AraC|HTH_AraC,null,null,null,null,1.B.14,null,null,null,null,null,null,null,null,null,null,null,null,1.A.30,null,null,null,null,GH35,null"
PUL0561,"null,2.A.2,GH36,null,GH2"
PUL0562,"GH43_34,GH43_10,GH97,GH29,null,HTH_AraC|HTH_AraC,null,null,1.B.14,null,null"
PUL0563,"GH127,GH43_34,null,GH154,HTH_AraC,null,1.B.14,null,null,GH16|GH43_24,null,GH43_24,GH145,GH105"
PUL0564,"GH106,GH28,null,null,GH28,CE12,GH2,GH43_18|GH42,GH28,CE4,GH28,GH2,CBM35,null,null,GH35,null,null,null,1.B.14,8.A.46,null,null,1.B.14,null,PL9,null,PL26,CE12|CE12,GH105,PL11_1,GH105,null,HTH_AraC|HTH_AraC,CE4,CE6,GH2,HTH_AraC,PL9_1"
PUL0565,"null,2.A.2,GH130,GH36,GH26,GH26,null,null,1.B.14,HTH_AraC|HTH_AraC|HTH_AraC"
PUL0566,"GH2,GH53,null,8.A.46,1.B.14,GH147,HTH_AraC|HTH_AraC|HTH_AraC"
PUL0567,"GH18,AA10|CBM5|CBM5,GH18|CBM5|CBM5"
PUL0568,"PfkB,GH32,LacI,4.A.1"
PUL0569,"GH68,GH32,2.A.3"
PUL0570,"4.A.1,GH1,null"
PUL0571,"null,null,4.A.3,4.A.3,4.A.3,HTH_AraC|HTH_AraC,GH4,null"
PUL0572,"AraC_binding,null,null,2.A.50,PL5_1,null,null,1.B.13,null,null,4.D.1,null"
PUL0573,"3.A.1,3.A.1,3.A.1,GH1,LacI|Peripla_BP_3"
PUL0574,"3.A.1,3.A.1,null,GH1,GH84,GntR,GH125,GH38"
PUL0575,"GH13_18,GH13_31,null,GH36,3.A.1,3.A.1,3.A.1,GH4,3.A.1,3.A.1,LacI"
PUL0576,"null,null,null,null,null,GH112,3.A.1,3.A.1,3.A.1"
PUL0577,"null,GH94,GH20,null,GH9,3.A.1,3.A.1,3.A.1,3.A.1,3.A.1,dCache_1|HisKA|HATPase_c|Response_reg|PAS"
PUL0578,"LacI|Peripla_BP_3,3.A.1,3.A.1,3.A.1,GH1"
PUL0579,"MarR,CE9,4.A.1"
PUL0580,"null,Glucokinase,CE9"
PUL0581,"GH32,PfkB,GH32"
PUL0582,"null,4.A.3,null,null,GH1"
PUL0583,"null,4.A.3,4.A.3,CE0,4.A.3"
PUL0584,"GH13_18,3.A.1,3.A.1,3.A.1,HTH_AraC|HTH_AraC,null,null,null,GH36,LacI,null"
PUL0585,"GH1,2.A.123,null,HTH_11|Mga,4.A.3,null,4.A.3"
PUL0586,"1.B.25,null,GH20"
PUL0587,"PfkB,2.A.1,GH32"
PUL0588,"3.A.1,3.A.1,3.A.1,GH3"
PUL0589,"GT35,GH77,LacI"
PUL0590,"null,3.A.1,3.A.1,3.A.1,CBM34|GH13_20"
PUL0591,"null,CE9,null,GntR"
PUL0592,"HTH_AraC|HTH_AraC,8.A.59,3.A.1,3.A.1,3.A.1,GH67,GH10,GH43_12"
PUL0593,"null,CBM34|GH13_39,3.A.1,3.A.1,3.A.1,GH13_2|CBM20"
PUL0594,"9.B.33,3.A.1,HTH_5,GH51"
PUL0595,"CBM82|CBM83|GH13_41,null,HTH_1,Pyr_redox_2"
PUL0596,"SBP_bac_1,3.A.1,3.A.1,GH13_36"
PUL0597,"LacI,3.A.1,3.A.1,3.A.1,GH3"
PUL0598,"GH95,null,null,null"
PUL0599,"HTH_AraC|HTH_AraC,dCache_1|HATPase_c,SBP_bac_1,GH43_11,3.A.1,3.A.1,3.A.1"
PUL0600,"null,null,GH130,GH130,null,3.A.1,3.A.1,SBP_bac_1,HTH_AraC|HTH_AraC,8.A.59,null,GH2"
PUL0601,"null,null,null,null,GntR,GH28,2.A.2,GH105,null,null,PfkB,null,null,null,TrmB"
PUL0602,"null,null,null,null,GH10,9.B.28,null,null,null,GntR,null,PfkB,GH39,GH67,3.A.1,3.A.1,3.A.1,GH10,GH52,CE4,null,3.A.1,3.A.1,SBP_bac_1,HTH_AraC|HTH_AraC,8.A.59"
PUL0603,"4.A.3,4.A.3,GH1"
PUL0604,"null,4.A.1,GH32,LacI,GH13_31"
PUL0605,"GT35,GT5,null,CBM48|GH13_11,CBM48|GH13_9"
PUL0606,"LacI,2.A.2,GH2"
PUL0607,"GH2,GH141,GH105|GH154,null,null,null,1.B.14,null,null,GH16_11,GH117,GH16_11,GH16_14,GH29,null,null,null,null,null,null,null,HTH_AraC"
PUL0608,"HTH_AraC|HTH_AraC,3.A.1,3.A.1,3.A.1,null,GH136,null,HTH_AraC,8.A.59"
PUL0609,"null,GH95,null,GH95,3.A.1,3.A.1,SBP_bac_1,8.A.59,HTH_AraC|HTH_AraC,GH136,null"
PUL0610,"LacI,GH43_15|CBM6,CBM4|CBM4|GH10,null,null,null,null,GH10,GerE,FecR,1.B.14,8.A.46,GH67,GH3,GH3"
PUL0611,"GH97,GH13_19,GH13_38,GH31,null,GH13,GH65,null,2.A.2,LacI,1.B.14,8.A.46,null,null"
PUL0612,"2.A.21,8.A.46,1.B.14,LacI,GH65,GH13_38,null,null,Pyr_redox_2,1.A.8,null"
PUL0613,"1.B.14,8.A.46,null,PL38|GH88,GH2|CBM57"
PUL0614,"null,1.B.14,PL1_2"
PUL0615,"null,1.B.14,null,null,2.A.66,GH28,null"
PUL0616,"null,1.B.14,null,null,PL1_2,null,null,1.B.14,null"
PUL0617,"GH67,null,2.A.2,GH10,GH43_1,GH43_35,null,GH5_21,GH10,null,null,null,null,1.B.14"
PUL0618,"null,GH36,null,1.B.14,null,PL1"
PUL0619,"1.B.14,null,null,null,GH35"
PUL0620,"GH128,null,null,GH51|GH43_19,null,1.B.14,null,null,null,null"
PUL0621,"1.B.14,null,null,GH3,HTH_AraC|HTH_AraC,GH57,GT4,GH133"
PUL0622,"null,null,1.B.14,null,null,null,1.B.14,null,null,null,PL11_1,GH3,GH43_7,PL11_1,GH2"
PUL0623,"null,1.B.14,null,null,null,null,GH3,null,1.B.14,8.A.46,null,null,null,null,null"
PUL0624,"GH43_24,null,GH51|GH43_19,null,1.B.14,8.A.46,null,null,1.B.14,null,GH128"
PUL0625,"GH43_12,GH115,GH43_10,GH97,GH43_29|CBM6,CE1|CE1,GH95,GH115,null,HTH_AraC,null,GH30_8,null,null,null,null,null,1.B.14"
PUL0626,"null,null,GH43_4,null,null,GntR,null,GH2,null,GH43_4,GH127,GH51,null,3.A.1,3.A.1,3.A.1,null,GH43_26,GH51,null,GH27,3.A.1,HTH_8,null"
PUL0627,"8.A.3,null,1.B.18,null,null,null,null,null,null,null,null,null,null,null,-,9.B.18,null,null,null,null,null"
PUL0628,"8.A.3,null,1.B.18,null,null,GT2,null,null,null,null,null,null,GT2,null,null,null,9.B.18,null,null,null,null,null"
PUL0629,"8.A.3,null,1.B.18,null,null,GT2,null,null,null,null,null,null,null,null,null,null,9.B.18,null,null,null,null,null"
PUL0630,"1.B.14,null,null,GH10,GH115,GH11,2.A.2,GH10,GH43_1"
PUL0631,"PfkB,AraC_binding,null,PL15_1,3.A.1,3.A.1,3.A.1,null"
PUL0632,"PfkB,GH32,null,3.A.1,LacI"
PUL0633,"PfkB,GH32,null,3.A.1,LacI"
PUL0634,"LacI,3.A.1,3.A.1,null,GH32,PfkB"
PUL0635,"HTH_3,null,GH32,null,null,null,GerE"
PUL0636,"null,null,GH32,3.A.2,3.A.2,3.A.2,3.A.2,null"
PUL0637,"LacI,3.A.1,3.A.1,SBP_bac_1,GH32"
PUL0638,"LacI,null,4.A.1,GH32,PfkB"
PUL0639,"GH32,4.A.1,GH32,LacI"
PUL0640,"3.A.1,HATPase_c,GerE,SBP_bac_1,null,null,4.A.6,4.A.6,null,GH32|CBM66"
PUL0641,"null,PadR,PfkB,GH32,4.A.1,null,Sigma70_r2|Sigma70_r4_2,LacI,MarR,null"
PUL0642,"PfkB,GH36,GH13_31,LacI,GH32,GH13_18,3.A.1,3.A.1,null,CBM86|CBM22|GH10|CBM9,CBM61|GH53"
PUL0643,"CE1,null,GH43_7|GH43_7,1.B.14,null,CE6|CE1,CE1,null,GH43_17,GH3,GH43_2|CBM6,HTH_AraC|HTH_AraC"
PUL0644,"HTH_AraC,GH43_2|CBM6,GH43_17,CE1,CE1,null,null,GH43_7|GH43_7,null,CE1"
PUL0645,"HTH_AraC,GH43_2|CBM6,GH3,GH43_17,null,GH43_7|GH43_7,null,CE1,null,1.B.14"
PUL0646,"GH3,GH158,null,null,1.B.14,GerE"
PUL0647,"GT35,GT5,null,null,GH13_9"
PUL0648,"GH10,null,null,null,null,1.B.14,GH43_12,GH43_1,GH10,HTH_AraC|HTH_AraC,null,GH146,NUDIX,CE1,GH8,CE6,GH43_29|CBM6,GH43_29|CBM6,GH97,GH31,HTH_AraC,null,GH51,GH43_29,CE1|CE1,GH43_10,GH115,null,2.A.2,GH10,GH43_1,GH67,null,null,HTH_AraC|HTH_AraC,1.B.14,8.A.46"
PUL0649,"8.A.3,null,1.B.18,null,null,null,null,null,GT2,2.A.66,null,null,null,null,9.B.18,1.B.73,null,null,null,null,null,null"
PUL0650,"LacI,SBP_bac_1,3.A.1,3.A.1,GH36,-,null"
PUL0651,"GH16_16|CBM6|CBM6,3.D.1,GH50,null,null,null,null,1.B.14,null,null,null,CBM6,GH16_16|CBM13,2.A.98,HTH_1,GH50,FecR,Sigma70_r2|Sigma70_r4,Pyr_redox_2,GH117,2.A.21,GH16_3,null,null,GH2,null,null,null,null,SBP_bac_1,0040266,null,null,GH50,SBP_bac_3|HATPase_c,GerE,null,null,null,null,null,GH127,2.A.1,GntR,null,null,null,null,null,GH167,HTH_AraC|HTH_AraC,null,null,GntR,CBM6|CBM6|GH86|GH86,null,GH50,null,null,null,null,2.A.1,GH86"
PUL0652,"GH2,2.A.21,null,null,3.D.1,null,GH96,GH96,null,null,2.A.1,GH50,GH50,null,GH50,GH29,null,SBP_bac_1,TrmB,null,null,null,null,null,null,null,null,null,null,null,1.B.14,null,GntR,GH50,1.B.14,null,null,null,GH86,null,3.A.1,3.A.1,3.A.1,3.A.1,null,PfkB,GH117|GH117,null,null,null,null,null,null,Pyr_redox_2"
PUL0653,"GH16_16,HTH_8,null,PfkB,null,null,null,null,GH2,null,GH117|GH117,3.A.1,3.A.1,3.A.1,LacI,null,GH50"
PUL0654,"GerE,1.B.14,null,null,GH144,GH144,CE1,GH3,null,BLUF,null,null,null,null,null,null,null,PL6|PL6_1,PL12,PL6|PL6_1,PL17_2|PL17,AraC_binding,null,null,1.B.14,8.A.46,GntR,2.A.1,null,LacI,PfkB,null,null,TPR_2,Response_reg,null,null,null"
PUL0655,"null,null,1.B.14,null,null,PL7,PL7,GntR,null,null"
PUL0656,"GH166,null,null,null,GT4,2.A.66"
