PUL ID,high_level_substr,PULid,sig_gene_seq
PUL0027,alginate,PUL0027,"null,null,PL5_1,null,null"
PUL0051,alginate,PUL0051,"2.A.28,null,PL6|PL6_1,PL17_2|PL17,1.B.14,8.A.46"
PUL0052,alginate,PUL0052,"1.B.14,GntR,PL6|PL6_1,PL17_2|PL17,AraC_binding,2.A.1,null,PfkB,null,null"
PUL0053,alginate,PUL0053,"null,GntR,null,PL6,PL17_2|PL17,2.A.1,null,null"
PUL0054,alginate,PUL0054,"null,null,null,PL6|PL6_1,PL17_2|PL17,AraC_binding,2.A.1,PfkB,null"
PUL0055,alginate,PUL0055,"PL17_2|PL17,PL6|PL6_1,null,8.A.46,1.B.14,null,GntR"
PUL0056,alginate,PUL0056,"PL6|PL6_1,null,null,1.B.14,PL17_2|PL17"
PUL0150,alginate,PUL0150,"null,PL6|PL6_1,PL17_2|PL17,null,2.A.1,PfkB,null,null,null,PL6_3,null,1.B.14,GerE,null"
PUL0151,alginate,PUL0151,"null,PfkB,null,2.A.1,GntR,PL7,null,null,1.B.14,null,AraC_binding,PL17_2|PL17"
PUL0152,alginate,PUL0152,"3.D.2,3.D.2,3.D.2,PfkB,2.A.1,PL6|PL6_1,GntR,null"
PUL0155,alginate,PUL0155,"null,GntR,3.A.1,3.A.1,3.A.1,3.A.1,PL15_1,null"
PUL0199,alginate,PUL0199,"CBM16|CBM32|PL18,null,null,PL6,PL6,SBP_bac_3,null,null,null,PfkB,null,2.A.1,AraC_binding,PL17_2|PL17,PL6|PL6_1,PL7_5,GntR"
PUL0216,alginate,PUL0216,"peroxidase,null,PL5|PL7,LacI,3.A.1,3.A.1,3.A.1,3.A.1,3.A.1,PL15_1"
PUL0235,alginate,PUL0235,"PL7_5,null,PL6|PL6_1,PL7_5,null,null,PL17_2|PL17,AraC_binding,1.B.14,null,null,PL7,PL7,GntR,2.A.1,null,PfkB,null,null,LacI"
PUL0313,alginate,PUL0313,"PL6|PL6_1,PL7_5,PL6|PL6_1"
PUL0400,alginate,PUL0400,"null,null,null,PL6|PL6_1,PL17_2|PL17,AraC_binding,2.A.1,PfkB,null,GntR,CBM32|PL7_5,1.B.14,PL6_3,PL7_5"
PUL0445,alginate,PUL0445,"PL5|PL7,LacI,3.A.1,3.A.1,3.A.1,3.A.1,3.A.1,PL15_1"
PUL0572,alginate,PUL0572,"AraC_binding,null,null,2.A.50,PL5_1,null,null,1.B.13,null,null,4.D.1,null"
PUL0631,alginate,PUL0631,"PfkB,AraC_binding,null,PL15_1,3.A.1,3.A.1,3.A.1,null"
PUL0654,alginate,PUL0654,"GerE,1.B.14,null,null,GH144,GH144,CE1,GH3,null,BLUF,null,null,null,null,null,null,null,PL6|PL6_1,PL12,PL6|PL6_1,PL17_2|PL17,AraC_binding,null,null,1.B.14,8.A.46,GntR,2.A.1,null,LacI,PfkB,null,null,TPR_2,Response_reg,null,null,null"
PUL0655,alginate,PUL0655,"null,null,1.B.14,null,null,PL7,PL7,GntR,null,null"
PUL0236,alpha-glucan,PUL0236,"null,null,null,GH13,GH13_36,GH65,null,2.A.2,LacI,1.B.14,null,null,GH13_7"
PUL0611,alpha-glucan,PUL0611,"GH97,GH13_19,GH13_38,GH31,null,GH13,GH65,null,2.A.2,LacI,1.B.14,8.A.46,null,null"
PUL0612,alpha-glucan,PUL0612,"2.A.21,8.A.46,1.B.14,LacI,GH65,GH13_38,null,null,Pyr_redox_2,1.A.8,null"
PUL0058,alpha-glucan,PUL0058,"CBM48|GH13_9,null,null,GT5,GT35"
PUL0267,alpha-glucan,PUL0267,"Pyr_redox_2,CBM48|GH13_9,null,null,GT5,GT35,GH13_39,null,null,3.A.1"
PUL0605,alpha-glucan,PUL0605,"GT35,GT5,null,CBM48|GH13_11,CBM48|GH13_9"
PUL0166,alpha-glucan,PUL0166,"GH13_10,null,8.A.46,1.B.14,LacI"
PUL0174,alpha-glucan,PUL0174,"GH31|CBM20,GH31|CBM35,0040266"
PUL0230,alpha-glucan,PUL0230,"3.A.1,3.A.1,3.A.1,3.A.1,HTH_12,null,GH65,CBM34|GH13_20,8.A.9,null,LacI,null"
PUL0268,alpha-glucan,PUL0268,"3.A.1,3.A.1,3.A.1,GH13_1,LacI|Peripla_BP_3"
PUL0275,alpha-glucan,PUL0275,"8.A.9,GH77,9.B.28,3.A.1,3.A.1,LacI,3.A.1,8.A.9"
PUL0327,alpha-glucan,PUL0327,"8.A.9,CBM34|GH13_20,null,3.A.1,3.A.1,3.A.1"
PUL0365,alpha-glucan,PUL0365,"LacI,GH13_2,2.A.2,null,GH97,1.B.14,null,8.A.9"
PUL0371,alpha-glucan,PUL0371,"GH13_20,8.A.9,3.A.1,3.A.1,3.A.1"
PUL0421,alpha-glucan,PUL0421,"GH13_10,null,null,8.A.46,1.B.14,GH97,GH13"
PUL0469,alpha-glucan,PUL0469,"8.A.9,null,null,8.A.46,1.B.14,GH97,8.A.9,null"
PUL0485,alpha-glucan,PUL0485,"GH65,GH97,GH31,GH66,null,8.A.46,1.B.14,null,null"
PUL0540,alpha-glucan,PUL0540,"GH97,GH13,GH13,null,null,1.B.14"
PUL0554,alpha-glucan,PUL0554,"1.B.14,8.A.46,null,GH66,GH31,GH97"
PUL0589,alpha-glucan,PUL0589,"GT35,GH77,LacI"
PUL0595,alpha-glucan,PUL0595,"CBM82|CBM83|GH13_41,null,HTH_1,Pyr_redox_2"
PUL0596,alpha-glucan,PUL0596,"SBP_bac_1,3.A.1,3.A.1,GH13_36"
PUL0160,alpha-mannan,PUL0160,"null,2.A.1,GH92,GH92,GH43_34,null,null,null,GH125,null,CBM32,8.A.46,1.B.14,GH92,null,GH92,null,null,null,null,null,null,GH92,GH76,LacI,null,null,null,null,GH2,null,GH92,2.A.1"
PUL0161,alpha-mannan,PUL0161,"GH97,null,GH67,GH76,null,null,1.B.14,null,HTH_AraC,GH92,null,GH76,GH125,null,null,null,null,null,null,3.A.7,null,null,null,null,null,null"
PUL0162,alpha-mannan,PUL0162,"null,1.B.14,null,null,null,GH92,null,null,null,GH99,9.B.14,null,null"
PUL0163,alpha-mannan,PUL0163,"GH92,GH38|CBM32,GT32,GT32,null,null,null,GH130,GH125,GH76,null,GH92,HTH_AraC,null,1.B.14,null,null,null,GH76,null,null"
PUL0375,alpha-mannan,PUL0375,"null,null,null,HTH_8,HisKA|HATPase_c|Response_reg,GH97,null,GH67,GH76,null,null,1.B.14,null,HTH_AraC,GH92,null,GH76,GH125,null"
PUL0378,alpha-mannan,PUL0378,"GH92,GH38|CBM32,GT32,GT32,null,null,null,GH130,GH125,GH76,null,GH92,null,HTH_AraC,null,1.B.14,null,null,null,GH76"
PUL0379,alpha-mannan,PUL0379,"null,1.B.14,null,null,null,GH92,null,null,null,GH99"
PUL0557,alpha-mannan,PUL0557,"GH97,null,GH67,GH76,null,null,1.B.14,null,HTH_AraC,GH92,null,GH76,GH125"
PUL0013,arabinogalactan,PUL0013,"3.A.1,8.A.59,HTH_AraC|HTH_AraC,3.A.1,null,null,3.A.1,3.A.1,GntR,null,null,null,null,GH43_5,SBP_bac_1,3.A.1,3.A.1,GH43_4,GH51,GH51,null,null,null,null,GH127,8.A.59,HTH_AraC|HTH_AraC,SBP_bac_1,3.A.1,3.A.1,null,CE4,GH52,GH10,null,3.A.1,3.A.1,GH67,GH39,PfkB,null,GntR,null,null,null,9.B.28,null,null,AAA,null,null,null,GH43_11,null,null,null"
PUL0128,arabinogalactan,PUL0128,"3.A.1,3.A.1,MarR,null,GH43_24,GH30_5,0045030,2.A.3,null,3.A.1,HTH_11,2.A.3,GH146,null,GH43_22|GH43_34,GH43_22|GH43_26,GH43_27,GH43_22,GH43_22,9.B.28,3.A.1,3.A.1,LacI,3.A.1"
PUL0169,arabinogalactan,PUL0169,"GH146,1.B.14,null,null,GH43_29,GH121,1.B.14,null,null"
PUL0228,arabinogalactan,PUL0228,"GH43_4,null,1.B.14,null,1.B.14,null,HTH_AraC|HTH_AraC,GH43_4,GH51,GH43_29"
PUL0295,arabinogalactan,PUL0295,"2.A.3,null,null,GH43_22|GH43_34,GH43_22|GH43_26,GH43_27,GH43_22,GH43_22,9.B.28"
PUL0296,arabinogalactan,PUL0296,"2.A.3,HTH_5,GH43_22,9.B.28"
PUL0302,arabinogalactan,PUL0302,"GH51,GH146,null,null,null,null,NUDIX,2.A.21,null,null,null,null,GH43_4,null,1.B.14,null,1.B.14,null,HTH_AraC|HTH_AraC,GH43_4,GH51,GH43_29"
PUL0309,arabinogalactan,PUL0309,"SBP_bac_3,3.A.1,3.A.1,GH43_4,GH127,GH51,GH27,GH51,3.A.1,3.A.1,3.A.1,GH146"
PUL0466,arabinogalactan,PUL0466,"GH51,3.A.1,3.A.1,3.A.1,null,null,null,null,null"
PUL0545,arabinogalactan,PUL0545,"HTH_AraC,GH43_2|CBM6,GH3,GH43_17,GH9,null,1.B.14,GH43_7|GH43_7,null,CE1"
PUL0552,arabinogalactan,PUL0552,"1.B.14,null,PL1_2,null,GH43_18,GH143|GH142,CBM67|GH78"
PUL0626,arabinogalactan,PUL0626,"null,null,GH43_4,null,null,GntR,null,GH2,null,GH43_4,GH127,GH51,null,3.A.1,3.A.1,3.A.1,null,GH43_26,GH51,null,GH27,3.A.1,HTH_8,null"
PUL0029,arabinogalactan,PUL0029,"3.A.1,3.A.1,MarR,null,GH43_24,GH30_5,0045030,2.A.3,null,3.A.1,HTH_11,2.A.3,GH146,null,GH43_22|GH43_34,GH43_22|GH43_26,GH43_27,GH43_22,GH43_22,9.B.28,3.A.1,3.A.1,LacI,3.A.1"
PUL0535,arabinogalactan,PUL0535,"GH43_24|GH16,GH16,null,null,1.B.14,null,1.B.14,null,HTH_AraC"
PUL0560,arabinogalactan,PUL0560,"null,PL27,GH43_24,GH43_24,null,HTH_AraC|HTH_AraC,null,null,null,null,1.B.14,null,null,null,null,null,null,null,null,null,null,null,null,1.A.30,null,null,null,null,GH35,null"
PUL0563,arabinogalactan,PUL0563,"GH127,GH43_34,null,GH154,HTH_AraC,null,1.B.14,null,null,GH16|GH43_24,null,GH43_24,GH145,GH105"
PUL0650,arabinogalactan,PUL0650,"LacI,SBP_bac_1,3.A.1,3.A.1,GH36,-,null"
PUL0002,beta-glucan,PUL0002,"null,GH16"
PUL0085,beta-glucan,PUL0085,"GH26,GH9,GH9"
PUL0125,beta-glucan,PUL0125,"HTH_AraC,GH16,1.B.14,8.A.46,null,GH3"
PUL0132,beta-glucan,PUL0132,"GH5_4,CBM4,null,null,1.B.14,null,1.B.14,HTH_AraC|HTH_AraC|HTH_AraC"
PUL0170,beta-glucan,PUL0170,"GH3,HTH_AraC,GH16,1.B.14,8.A.46,null,GH3"
PUL0187,beta-glucan,PUL0187,"HTH_AraC|HTH_AraC,8.A.59,3.A.1,3.A.1,CBM54|GH16|CBM4|CBM4|CBM6|CBM4|CBM4,GH16,3.A.1"
PUL0220,beta-glucan,PUL0220,"null,GH30_1,GH17,GH3,GH149,GH16,null,null,null,8.A.46,1.B.14"
PUL0234,beta-glucan,PUL0234,"GerE,1.B.14,8.A.46,null,GH16,GH3,GH16"
PUL0308,beta-glucan,PUL0308,"GH16,1.B.14,8.A.46,null,GH3"
PUL0310,beta-glucan,PUL0310,"CBM4,null,null,1.B.14,null,1.B.14"
PUL0325,beta-glucan,PUL0325,"null,1.B.14,null,GH30_3,null,GH3"
PUL0326,beta-glucan,PUL0326,"null,null,null,GH73,null,null,null,Peptidase_M23,null,null,null,9.B.154,null"
PUL0401,beta-glucan,PUL0401,"GH16,1.B.14,9.B.34,2.A.35,GH3,2.A.1,8.A.49,LacI,2.A.1"
PUL0403,beta-glucan,PUL0403,"1.B.14,GH1,2.A.2,LacI|Peripla_BP_3"
PUL0406,beta-glucan,PUL0406,"3.A.1,null,null,LacI,GH16,GH3,GH18,1.E.19,null,null,null,null,null,HTH_5,3.A.3,9.B.105,null,null,null,null"
PUL0477,beta-glucan,PUL0477,"GerE,1.B.14,8.A.46,null,GH16,GH16"
PUL0526,beta-glucan,PUL0526,"null,1.B.14,null,GH30_3,null,GH3"
PUL0528,beta-glucan,PUL0528,"GH3,HTH_AraC,GH16,1.B.14,8.A.46,null,GH3"
PUL0537,beta-glucan,PUL0537,"GH3,GH3,null,1.B.14,null,GH157,HTH_AraC"
PUL0578,beta-glucan,PUL0578,"LacI|Peripla_BP_3,3.A.1,3.A.1,3.A.1,GH1"
PUL0646,beta-glucan,PUL0646,"GH3,GH158,null,null,1.B.14,GerE"
PUL0011,beta-glucan,PUL0011,"GH48,GH8,GH9|CBM3,CBM4|GH9"
PUL0040,beta-glucan,PUL0040,"GH9,GH9|CBM3,GH5_17,GH9,PL11,GH5_1"
PUL0083,beta-glucan,PUL0083,"CBM3|cohesin|cohesin|cohesin|cohesin|cohesin|cohesin,GH48,GH8,GH9|CBM3,CBM4|GH9,null,GH9,GH9|CBM3,GH5_17,GH9,GH5_7,GH5_1"
PUL0084,beta-glucan,PUL0084,"GH10|CBM6,GH43_29|CBM6,CE1|CBM6,GH43_10|CBM6,GH62|CBM6,GH43_29|CBM6,GH27|CBM6,GH59|CBM6,GH62|CBM6|CE6,GH95|CBM32,CE1|CBM6,GH30_8|CBM6"
PUL0087,beta-glucan,PUL0087,"GH9|CBM3|CBM3,GH9|CBM3"
PUL0089,beta-glucan,PUL0089,"GH5_4,null"
PUL0221,beta-glucan,PUL0221,"GH35,null,GH105,null,null,null,1.B.14,null"
PUL0222,beta-glucan,PUL0222,"GH5_7,GH26,null,null,8.A.46,1.B.14"
PUL0224,beta-glucan,PUL0224,"9.B.33,HTH_AraC|HTH_AraC,GH43_16|CBM6,GH10|CBM6,GH43_29|CBM6,CE1|CBM6,GH43_10|CBM6,GH62|CBM6,GH43_29|CBM6,GH146|CBM22,GH27|CBM6,GH59|CBM6,GH2|CBM6,GH62|CBM6|CE6,GH95|CBM32|CBM6,GH30_8|CBM6"
PUL0239,beta-glucan,PUL0239,"null,GH26|GH5_4,GH5_7,null,null,null,null,1.B.14,HTH_AraC|HTH_AraC,null,2.A.2,GH130,GH26,CE7,null,GH36,GH3,null"
PUL0240,beta-glucan,PUL0240,"null,GH31,GH9,GH26,null,null,null,1.B.14,null,null,null"
PUL0241,beta-glucan,PUL0241,"null,null,1.B.14,GH5_4,HTH_AraC|HTH_AraC,GH36,null"
PUL0242,beta-glucan,PUL0242,"null,GH31,GH5_4,GH26,null,null,null,null,1.B.14"
PUL0243,beta-glucan,PUL0243,"HTH_AraC|HTH_AraC,GH5_38,null,null,GH94,2.A.2,1.B.14,8.A.46,null,null,null,GH36"
PUL0311,beta-glucan,PUL0311,"GT2,4.D.3,GH8,1.B.55"
PUL0385,beta-glucan,PUL0385,"GH48,GH8,GH9|CBM3,CBM4|GH9,null,GH9,GH9|CBM3,GH5_17,GH9,null,PL11,GH5_1"
PUL0063,beta-glucan,PUL0063,"GH3,GH2,GH31,HTH_AraC|HTH_AraC,null,GH9,null,null,1.B.14,GH5_4,GH43_12,null,GH43_12,null,null,GH3"
PUL0064,beta-glucan,PUL0064,"1.B.14,null,null,null,null,null,GH5_4,Reg_prop|Reg_prop|Reg_prop|Reg_prop|Reg_prop|Reg_prop,HTH_AraC|HTH_AraC,GH31,GH2,GH3"
PUL0065,beta-glucan,PUL0065,"1.B.14,8.A.46,null,null,GH43_12,null,GH5_4,HTH_AraC|HTH_AraC,GH31,GH2,GH3,null,GH95"
PUL0066,beta-glucan,PUL0066,"null,1.B.14,null,null,GH43_12,GH5_4,null,HTH_AraC|HTH_AraC,GH31,GH2,GH3,null,GH95"
PUL0067,beta-glucan,PUL0067,"GH2,GH5_4,null,8.A.46,1.B.14,GH31,HTH_AraC,GH95,null,GH3,GH43_12"
PUL0215,beta-glucan,PUL0215,"GH31,GH35,1.B.14,GH95"
PUL0527,beta-glucan,PUL0527,"null,HATPase_c,null,9.B.174,GH3,GH2,GH31,HTH_AraC|HTH_AraC,GH9,null,null,1.B.14,GH5_4,GH43_12,GH43_12,GH3"
PUL0001,beta-mannan,PUL0001,"GH1,8.A.49,null,null,CE2,GH130,GH130,null,3.A.1,3.A.1,SBP_bac_1,LacI,GH36,null,GH113"
PUL0099,beta-mannan,PUL0099,"CBM27|GH26|CBM23,GH3,GH3"
PUL0129,beta-mannan,PUL0129,"GH5_4,GH26,GH5_4,null,null,null,1.B.14,CE7,GH26,GH130,2.A.2,null"
PUL0164,beta-mannan,PUL0164,"CE2,null,GH3,GH5_7,GH26,null,GH130,2.A.21,GH26,HTH_AraC|HTH_AraC,GH5_2,1.B.14,8.A.46,null,GH27,null,GH9,GH26,null"
PUL0165,beta-mannan,PUL0165,"null,GH9,null,GH27,null,null,8.A.46,1.B.14,GH5_2,HTH_AraC|HTH_AraC,GH26,2.A.21,GH130,null,GH26,null,null"
PUL0167,beta-mannan,PUL0167,"null,null,2.A.2,GH130,GH36,GH26,GH26,null,null,1.B.14,HTH_AraC|HTH_AraC,null"
PUL0408,beta-mannan,PUL0408,"GH26,GH130,2.A.2,null"
PUL0488,beta-mannan,PUL0488,"GH5_2,GH27,null,null,8.A.46,1.B.14,HTH_AraC,GH26,2.A.2,GH130,null,GH26,GH5_7,GH97"
PUL0030,beta-mannan,PUL0030,"GH130,LacI,GH130,SBP_bac_1,null,GH27,3.A.1,3.A.1,null,null,CE7,null"
PUL0175,beta-mannan,PUL0175,"GH130,null,GH5_7,GH27"
PUL0178,beta-mannan,PUL0178,"null,null,null,null,2.A.2,GH130,GH36,GH26,GH26,null,null,1.B.14,HTH_AraC|HTH_AraC,null"
PUL0179,beta-mannan,PUL0179,"null,null,CE7,2.A.2,GH130,GH26,GH26,null,null,null,1.B.14,null,null,HTH_AraC|HTH_AraC,null"
PUL0180,beta-mannan,PUL0180,"2.A.38,TrkA_C|TrkA_C,null,null,null,null,null,GH36,GH29,null,null,1.B.14,HTH_AraC|HTH_AraC,2.A.1,GH29,null,null,9.B.97,2.A.64"
PUL0212,beta-mannan,PUL0212,"3.A.3,GH2,9.B.36,LacI,SBP_bac_1,3.A.1,3.A.1,null"
PUL0213,beta-mannan,PUL0213,"2.A.2,GH2,LacI,HTH_AraC|HTH_AraC|HTH_AraC"
PUL0214,beta-mannan,PUL0214,"LacI,GH42,GH35,3.A.1,3.A.1,SBP_bac_1,null,null,3.A.1"
PUL0283,beta-mannan,PUL0283,"3.A.1,3.A.1,3.A.1,GH42,LacI,GH53|CBM61"
PUL0284,beta-mannan,PUL0284,"2.A.2,GH2,LacI"
PUL0285,beta-mannan,PUL0285,"null,LacI,3.A.1,3.A.1,GH42,3.A.1"
PUL0367,beta-mannan,PUL0367,"GH42,3.A.1,3.A.1"
PUL0600,beta-mannan,PUL0600,"null,null,GH130,GH130,null,3.A.1,3.A.1,SBP_bac_1,HTH_AraC|HTH_AraC,8.A.59,null,GH2"
PUL0603,beta-mannan,PUL0603,"4.A.3,4.A.3,GH1"
PUL0604,beta-mannan,PUL0604,"null,4.A.1,GH32,LacI,GH13_31"
PUL0238,beta-mannan,PUL0238,"4.A.3,4.A.3,4.A.3,8.A.49,GntR,null,null,GH26"
PUL0436,beta-mannan,PUL0436,"GH65,null,GH13,null,8.A.46,1.B.14,LacI,CBM32|CBM32"
PUL0437,beta-mannan,PUL0437,"null,GH51,null,null,1.B.14,HTH_AraC|HTH_AraC"
PUL0012,chitin,PUL0012,"null,GH94,GH20,null,GH9,3.A.1,3.A.1,3.A.1,3.A.1,3.A.1,HisKA|HATPase_c|Response_reg|PAS"
PUL0144,chitin,PUL0144,"GH35,SIS|SIS,3.A.1,3.A.1,3.A.1,3.A.1,3.A.1,GH1,null,null,PIG-L,GH18"
PUL0208,chitin,PUL0208,"GH18,AA10|CBM5|CBM5,GH18|CBM5|CBM5"
PUL0269,chitin,PUL0269,"3.A.1,null,PIG-L,null,GH3,3.A.1,3.A.1,SBP_bac_1,null,HTH_5,null,null,null,CBM5,GH18,CBM5|GH18"
PUL0292,chitin,PUL0292,"null,null,GH16,null,null,GH3,SIS|SIS,GntR,null,1.A.30,1.A.30,1.B.14,null,null"
PUL0303,chitin,PUL0303,"SBP_bac_1,3.A.1,3.A.1,3.A.1,null,CE9,null,null,null"
PUL0307,chitin,PUL0307,"null,1.E.2,1.E.2,GH18,HTH_1,AA10"
PUL0344,chitin,PUL0344,"GH18|GH18,GH20,PIG-L,8.A.46,1.B.14,GH18,8.A.46,1.B.14,null,LytTR,2.A.1"
PUL0381,chitin,PUL0381,"CE4,4.A.3,4.A.3,4.A.3,GH4,null"
PUL0487,chitin,PUL0487,"GH18|GH18,GH20,PIG-L,8.A.46,1.B.14,GH18,8.A.46,1.B.14,null,LytTR|LytTR"
PUL0497,chitin,PUL0497,"GH18,AA10|CBM5,GH18|CBM5"
PUL0567,chitin,PUL0567,"GH18,AA10|CBM5|CBM5,GH18|CBM5|CBM5"
PUL0571,chitin,PUL0571,"null,null,4.A.3,4.A.3,4.A.3,HTH_AraC|HTH_AraC,GH4,null"
PUL0586,chitin,PUL0586,"1.B.25,null,GH20"
PUL0588,chitin,PUL0588,"3.A.1,3.A.1,3.A.1,GH3"
PUL0008,fructan,PUL0008,"HTH_AraC,null,null,PfkB,2.A.1,GH32,GH32,null,8.A.46,1.B.14,null,GH32"
PUL0024,fructan,PUL0024,"null,null,GH32,4.A.1,LacI,3.A.1,3.A.1,HTH_1,null,HTH_3,2.A.40,null"
PUL0277,fructan,PUL0277,"null,4.A.1,null,GH32,LacI"
PUL0278,fructan,PUL0278,"GH32,3.A.1,3.A.1,3.A.1,LacI,HTH_Mga|Mga|PRD_Mga"
PUL0279,fructan,PUL0279,"GH32,3.A.1,3.A.1,3.A.1,LacI,HTH_Mga|Mga|PRD_Mga"
PUL0569,fructan,PUL0569,"GH68,GH32,2.A.3"
PUL0581,fructan,PUL0581,"GH32,PfkB,GH32"
PUL0225,galactan,PUL0225,"HTH_8,GH16,GH117|GH117,GH2,GH2,null,null,null,2.A.1,null,null,null,null,null,GH50,GH105|GH154,null,null,null,GH16,null,null,GH86,GH86,null,null,null,1.B.14,HTH_AraC,null,null,GH29,GH16,null,1.B.14,GH2"
PUL0459,galactan,PUL0459,"GH2,2.A.21,null,null,3.D.1,null,GH96,GH96,null,null,2.A.1,GH50,GH50,null,null,GH29,null,SBP_bac_1,TrmB,null,null,null,null,null,null,null,null,null,null,null,null,1.B.14,null,GntR,GH50,1.B.14,null,null,null,GH86,null,3.A.1,3.A.1,3.A.1,3.A.1,null,PfkB,GH117|GH117"
PUL0607,galactan,PUL0607,"GH2,GH141,GH105|GH154,null,null,null,1.B.14,null,null,GH16_11,GH117,GH16_11,GH16_14,GH29,null,null,null,null,null,null,null,HTH_AraC"
PUL0651,galactan,PUL0651,"GH16_16|CBM6|CBM6,3.D.1,GH50,null,null,null,null,1.B.14,null,null,null,CBM6,GH16_16|CBM13,2.A.98,HTH_1,GH50,FecR,Sigma70_r2|Sigma70_r4,Pyr_redox_2,GH117,2.A.21,GH16_3,null,null,GH2,null,null,null,null,SBP_bac_1,0040266,null,null,GH50,SBP_bac_3|HATPase_c,GerE,null,null,null,null,null,GH127,2.A.1,GntR,null,null,null,null,null,GH167,HTH_AraC|HTH_AraC,null,null,GntR,CBM6|CBM6|GH86|GH86,null,GH50,null,null,null,null,2.A.1,GH86"
PUL0652,galactan,PUL0652,"GH2,2.A.21,null,null,3.D.1,null,GH96,GH96,null,null,2.A.1,GH50,GH50,null,GH50,GH29,null,SBP_bac_1,TrmB,null,null,null,null,null,null,null,null,null,null,null,1.B.14,null,GntR,GH50,1.B.14,null,null,null,GH86,null,3.A.1,3.A.1,3.A.1,3.A.1,null,PfkB,GH117|GH117,null,null,null,null,null,null,Pyr_redox_2"
PUL0653,galactan,PUL0653,"GH16_16,HTH_8,null,PfkB,null,null,null,null,GH2,null,GH117|GH117,3.A.1,3.A.1,3.A.1,LacI,null,GH50"
PUL0272,galactan,PUL0272,"2.A.2,GH2,LacI"
PUL0273,galactan,PUL0273,"3.A.1,GH42,3.A.1,3.A.1,LacI"
PUL0399,galactan,PUL0399,"null,null,null,null,null,GH42,2.A.2,null,LacI,GH2,null,null"
PUL0606,galactan,PUL0606,"LacI,2.A.2,GH2"
PUL0146,galactan,PUL0146,"null,GH16,null,null,null,null,null,null,1.B.14,null,null,null,null,null,null,GntR,null,null,null,null,null,2.A.1,GntR"
PUL0147,galactan,PUL0147,"null,null,null,null,null,null,null,null,null,GH16,null,null,null,null,null,2.A.1,null,null,null,null,null,null,GntR,GntR,1.B.14,HTH_AraC|HTH_AraC,GH16,null,null,GH150"
PUL0148,galactan,PUL0148,"null,null,GH127,GH127,2.A.1,GH127,null,GH129,null,null,null,null,null,null,HTH_AraC|HTH_AraC|HTH_AraC"
PUL0149,galactan,PUL0149,"null,null,null,null,null,GH110,GH110,null,8.A.46,1.B.14"
PUL0264,galactan,PUL0264,"null,null,GH16,HTH_18,1.B.14,GntR,GntR,null,null,null,null,null,null,2.A.1,null,null,null,null,null,null,GH16,null,null,null,null,null,null,null,null"
PUL0318,galactan,PUL0318,"null,TetR_N,GH16|CBM16"
PUL0319,galactan,PUL0319,"TPR_1,GH5_42,null,null"
PUL0458,galactan,PUL0458,"GH16,null,null,null,null,null,null,null,HTH_1,null,null,2.A.1,null,null,null,GntR,null,null,null,null,null,GH16|CBM16|CBM16,null,1.B.52,null,TrmB,null,GH16,2.A.21,null,null,null,null,null,null,null,null,null,null,null,null,null,GH16,null,null,null,null,null,GntR"
PUL0006,galactan,PUL0006,"GH1,HTH_6|SIS,null,null,3.A.1,8.A.59,Response_reg|HTH_18|HTH_AraC,3.A.1,3.A.1,3.A.1,null"
PUL0007,galactan,PUL0007,"null,null,null,null,GH53,2.A.2,GH42,LacI"
PUL0209,galactan,PUL0209,"LacI,1.B.3,GH42,GH53,3.A.1,3.A.1,3.A.1,3.A.1,null"
PUL0282,galactan,PUL0282,"1.B.52,LacI,3.A.1,3.A.1,3.A.1,GH42,null"
PUL0297,galactan,PUL0297,"SBP_bac_1,3.A.1,3.A.1,GH42,LacI,GH53|CBM61,null,null,null"
PUL0298,galactan,PUL0298,"SBP_bac_1,3.A.1,3.A.1,GH42,LacI,2.A.2,null,null,null,null"
PUL0304,galactan,PUL0304,"GH2,GH53,null,8.A.46,1.B.14,null,HTH_AraC|HTH_AraC|HTH_AraC"
PUL0306,galactan,PUL0306,"GH2,GH53,null,8.A.46,1.B.14,GH147,HTH_AraC|HTH_AraC|HTH_AraC"
PUL0323,galactan,PUL0323,"GH53,GH42,3.A.1,3.A.1,3.A.1,LacI|Peripla_BP_3"
PUL0393,galactan,PUL0393,"null,null,CBM6|GH86|GH86,1.B.14,null,null,null,null,null,GH16|CBM6"
PUL0009,host glycan,PUL0009,"LacI,PfkB,null,PL8,null,null,3.A.1,3.A.1,3.A.1,3.A.1,null,PL8,null,GH88,null"
PUL0018,host glycan,PUL0018,"CBM70|PL8_1,null,PfkB,null,null,4.A.6,GH88,4.A.6,4.A.6,4.A.6,null,PL12_1"
PUL0020,host glycan,PUL0020,"null,PL12_1,null,null,4.A.6,4.A.6,4.A.6,GH88,null,TrmB,null,null,null,PfkB,null,PL8"
PUL0021,host glycan,PUL0021,"null,PL12_1,null,null,4.A.6,4.A.6,4.A.6,GH88,null,0040266,null,CHASE2,PfkB,null,DeoRC,null"
PUL0377,host glycan,PUL0377,"PL8_2,null,null,null,PL29,null,null,8.A.46,1.B.14,null,HTH_AraC,null,null,2.A.6,2.A.6,2.A.6,GH2,null,null,null,null,null,1.B.14,null,GH88,null,PL8_2"
PUL0384,host glycan,PUL0384,"PL15_2,2.A.1,null,null,null,PL12_2,GH88,8.A.46,1.B.14,null,PL12_2,HTH_AraC|HTH_AraC"
PUL0387,host glycan,PUL0387,"1.B.14,null,CE9,SIS|SIS,LacI,2.A.1,GntR"
PUL0396,host glycan,PUL0396,"GntR,4.A.1,4.A.1,1.B.1,CE9,SIS|SIS,null"
PUL0397,host glycan,PUL0397,"1.B.14,8.A.46,GH18,null,null"
PUL0398,host glycan,PUL0398,"null,null,null,null,null,1.B.14,GH2,null,null"
PUL0550,host glycan,PUL0550,"PL1_2,CE8,1.B.14,null,null,GH3,HTH_AraC|HTH_AraC|HTH_AraC"
PUL0579,host glycan,PUL0579,"MarR,CE9,4.A.1"
PUL0580,host glycan,PUL0580,"null,Glucokinase,CE9"
PUL0591,host glycan,PUL0591,"null,CE9,null,GntR"
PUL0115,host glycan,PUL0115,"GH33,GH20,null,GH2,GH20,GH20,GH2"
PUL0116,host glycan,PUL0116,"GH20,TetR_N"
PUL0117,host glycan,PUL0117,"GH92,GH130,null,GH163,null,null,null,8.A.46,1.B.14,null,1.B.14,8.A.46,null,null,1.B.14,8.A.46,null,null,null,GH20,FecR,GerE"
PUL0119,host glycan,PUL0119,"null,GH29|CBM32"
PUL0171,host glycan,PUL0171,"GerE,FecR,1.B.14,8.A.46,GH18,null,null"
PUL0194,host glycan,PUL0194,"GH20,null,GH38,GH125,GH92,GH29"
PUL0207,host glycan,PUL0207,"PL12_1,4.A.6,4.A.6,4.A.6,GH88,4.A.6,null"
PUL0210,host glycan,PUL0210,"PL8,null,null,null,PfkB,null,GH88,4.A.6,4.A.6,4.A.6,4.A.6,null,PL12_1"
PUL0211,host glycan,PUL0211,"1.B.14,GH29,GH18,GH20,GH2,GH3,GH125,GH92,GH35"
PUL0223,host glycan,PUL0223,"GH92,GH130,null,GH163,null,null,null,8.A.46,1.B.14"
PUL0251,host glycan,PUL0251,"null,CBM32,null,null,1.B.14,null,cNMP_binding"
PUL0422,host glycan,PUL0422,"1.B.14,8.A.46,GH18,null"
PUL0424,host glycan,PUL0424,"null,null,null,null,8.A.46,1.B.14,null,null,null,1.B.14,8.A.46,GH18,null,null,GH163,null,GH130,GH92"
PUL0463,host glycan,PUL0463,"Fe_dep_repress,null,null,2.A.1,null,GH89,1.B.14,null,null,null,null,null,CE2"
PUL0464,host glycan,PUL0464,"null,null,null,null,null,null,1.B.14,null,2.A.1,GH33,GH20,null,GH2,GH20,GH20,GH2"
PUL0467,host glycan,PUL0467,"1.A.23,null,GH29|CBM32,GH2,GH20,null,null,null,1.B.14,GH18,null,null,HTH_AraC,null"
PUL0468,host glycan,PUL0468,"null,TPR_2|TPR_1|TPR_2,null,Peptidase_M23,HTH_AraC|HTH_AraC,null,GH43_26,null,null,null,null,null,null,null,1.B.14,null,null,null,null,null,null,null,1.B.14,null,null,null,null,null,null,ATPase_2,null,null,1.B.14,null,null,null,null,null,null,null,GH76,null,null,null,1.B.14,null,null"
PUL0555,host glycan,PUL0555,"GH154,GH2,GH20,null,GH88,PL33_1,null,1.B.14,HTH_AraC|HTH_AraC"
PUL0556,host glycan,PUL0556,"GerE,FecR,1.B.14,8.A.46,GH18,null,null"
PUL0014,pectin,PUL0014,"null,null,HTH_DeoR,HTH_AraC|HTH_AraC,8.A.59,PL1_6,GH105,SBP_bac_1,3.A.1"
PUL0034,pectin,PUL0034,"CE10,1.B.35"
PUL0035,pectin,PUL0035,"3.A.1,3.A.1,3.A.1,3.A.1,PL2_2"
PUL0081,pectin,PUL0081,"MarR,null,null,AraC_binding,null,null,PfkB,null,2.A.21,1.B.35,PL9_1,2.A.21,PL22|PL22"
PUL0086,pectin,PUL0086,"PL10_1,CE8,PL11"
PUL0134,pectin,PUL0134,"null,1.B.14,8.A.46,null,CE8,PL9_1,null,null,null,null,null,PfkB,null,2.A.56,2.A.56,2.A.56,null,null,null,LacI,GH28,null,GH105,GH43_10,GH28|PL9_1,CE12,CE10|CE8,CE12,PL10_1"
PUL0135,pectin,PUL0135,"CE12,1.B.14,null,GH28,null,null,GH105,GH105,GH43_10,null,LacI,2.A.56,2.A.56,2.A.56,null,null,null,null,PfkB,CE8,PL1_2"
PUL0136,pectin,PUL0136,"PfkB,null,null,null,null,2.A.56,2.A.56,2.A.56,LacI,null,CE8|PL1_5,null,PL1_2,null,null,null,null,GH105,GH105,null,null,GH28,null,null,1.B.14,null"
PUL0189,pectin,PUL0189,"GH95,null,GH140,CBM67|GH78|GH33,null,null,GH28,CBM67|GH78,GH43_18,null,PL1_2,null,null,null,1.B.14,null,GH92"
PUL0190,pectin,PUL0190,"GH51,GH146,null,null,null,NUDIX,2.A.21,null,GH43_4,null,null,1.B.14,GH43_4,GH51,GH43_29"
PUL0191,pectin,PUL0191,"GH105,CE8,null,CE12|CE8,AAA,HTH_AraC,null,null,1.B.14,PL1_2,PL1_2"
PUL0192,pectin,PUL0192,"GH106,GH28,null,GH28,CE12,GH2,null,GH43_18|GH43_34|CBM32,GH42,GH28,null,null,1.B.14,null,null,1.B.14,null,1.B.14,null,PL11,PL26,CE12|CE12,GH105,PL11_1,GH105,null,HTH_AraC|HTH_AraC"
PUL0193,pectin,PUL0193,"GH2,PL11,GH28,null,null,GH117|GH117,null,HTH_AraC,1.B.14,8.A.46,null,null,null,PL11,null,GH28,GH105,null,null,null,1.B.14,null,null,null,1.B.14,null,null,null,GH28,null"
PUL0249,pectin,PUL0249,"SBP_bac_1,3.A.1,3.A.1,GH105,HTH_AraC|HTH_AraC,CE12,null,9.B.28,PL11,PL11,CE12,GH42"
PUL0305,pectin,PUL0305,"GH105,CE8,CE12|CE8,HTH_AraC,null,null,1.B.14,PL1_2,PL1_2,9.B.116,LytTR,PL1_2,null,1.B.14,null,GH28,HTH_AraC|HTH_AraC"
PUL0330,pectin,PUL0330,"1.B.14,8.A.46,null,CE8,PL9_1,null,null,null,null,null,PfkB,null,2.A.56,2.A.56,2.A.56,null,null,null,LacI,GH28,null,GH105,GH43_10,GH28|PL9_1,CE12,CE10|CE8,CE12,PL10_1"
PUL0363,pectin,PUL0363,"1.B.14,CE8,PL10_1"
PUL0404,pectin,PUL0404,"null,null,null,2.A.56,2.A.56,2.A.56,LacI,null,null,null,null,PfkB,CE12,null,1.B.14,GH105,GH28,CE8"
PUL0405,pectin,PUL0405,"TrmB,PL1_2,null,PL1_5|PL1_5"
PUL0412,pectin,PUL0412,"GH28,2.A.1"
PUL0479,pectin,PUL0479,"GH43_19|GH43_34,GH27,GH2,GH95,GH51,GH28,GH28,2.A.21,null,GH2,null,HTH_AraC,null,null,null,GH92,GH92,null,1.B.14,GH89"
PUL0482,pectin,PUL0482,"CBM67|GH78,null,GH142,GH95,null,CBM67|GH78,GH143,GH43_18,GH28,GH140,null,PL1_2,null,PL1_2,null,1.B.14,CE8,GH127,PL1_2,GH139,null,GH106,GH2,GH137,null,GH78,HTH_AraC"
PUL0483,pectin,PUL0483,"GH2,CE12|CE12,null,GH28,null,null,GH117,null,null,1.B.14,GH106,GH105"
PUL0484,pectin,PUL0484,"CE12,GH28,PL10_1|CE8,GH43_10,GH105,GH105,GH105,null,8.A.46,1.B.14,GH28,LacI"
PUL0529,pectin,PUL0529,"GH105,CE8,CE12|CE8,HTH_AraC,PL1_2,PL1_2,PL1_2,CE8,null,null,1.B.14,9.B.116,LytTR,PL1_2,null,null,PL1_2,1.B.14,8.A.46,null,null,CE8,GH28,GH3,GH43_10,null,HTH_AraC|HTH_AraC"
PUL0530,pectin,PUL0530,"null,Sigma70_r2|Sigma70_r4_2,null,PL1_2,HTH_AraC,null,GH2,GH139,null,GH106,null,3.A.3,HisKA|HATPase_c,Trans_reg_C,null,GH2,GH2,HisKA|HATPase_c,HTH_AraC,GH137|GH2|CBM57,GH138,2.A.21,null,null,GH78,GH141,GH127,null,null,Nitroreductase,null,null,null,GH95,GH105,GH140,CBM67|GH78|GH33,null,null,null,null,GH28,CBM67|GH78,GH143|GH142,GH43_18,null,PL1_2,null,1.B.14,null,null,null,1.B.14,null"
PUL0534,pectin,PUL0534,"GH133,GH13_10,null,null,8.A.46,1.B.14,GH2,GH53,GH147"
PUL0549,pectin,PUL0549,"HTH_AraC,GH140,null,null,null,1.B.14"
PUL0558,pectin,PUL0558,"HTH_AraC,null,GH2,GH139,null,GH106,null,3.A.3,HisKA|HATPase_c,Trans_reg_C,null,GH2,GH2,HisKA|HATPase_c,HTH_AraC,GH137|GH2|CBM57,GH138,2.A.21,null,null,GH78,GH141,GH127,null,null,Nitroreductase,null,null,null,GH95,GH105,GH140,CBM67|GH78|GH33,null,null,null,null,GH28,CBM67|GH78,GH143|GH142,GH43_18,null,PL1_2,null,1.B.14,null,null,null,1.B.14,null"
PUL0559,pectin,PUL0559,"GH43_34,GH43_10,GH97,GH29,null,HTH_AraC|HTH_AraC,null,null,1.B.14,null,null,null"
PUL0564,pectin,PUL0564,"GH106,GH28,null,null,GH28,CE12,GH2,GH43_18|GH42,GH28,CE4,GH28,GH2,CBM35,null,null,GH35,null,null,null,1.B.14,8.A.46,null,null,1.B.14,null,PL9,null,PL26,CE12|CE12,GH105,PL11_1,GH105,null,HTH_AraC|HTH_AraC,CE4,CE6,GH2,HTH_AraC,PL9_1"
PUL0566,pectin,PUL0566,"GH2,GH53,null,8.A.46,1.B.14,GH147,HTH_AraC|HTH_AraC|HTH_AraC"
PUL0601,pectin,PUL0601,"null,null,null,null,GntR,GH28,2.A.2,GH105,null,null,PfkB,null,null,null,TrmB"
PUL0614,pectin,PUL0614,"null,1.B.14,PL1_2"
PUL0615,pectin,PUL0615,"null,1.B.14,null,null,2.A.66,GH28,null"
PUL0616,pectin,PUL0616,"null,1.B.14,null,null,PL1_2,null,null,1.B.14,null"
PUL0618,pectin,PUL0618,"null,GH36,null,1.B.14,null,PL1"
PUL0621,pectin,PUL0621,"1.B.14,null,null,GH3,HTH_AraC|HTH_AraC,GH57,GT4,GH133"
PUL0623,pectin,PUL0623,"null,1.B.14,null,null,null,null,GH3,null,1.B.14,8.A.46,null,null,null,null,null"
PUL0044,xylan,PUL0044,"GH43_10,GH3,null,GH43_12,GH31,GH97,GH43_29|CBM6,GH43_12,1.B.14,null,1.B.14,null,null,null,GH30_8,GH98|CBM35,GH115,CE6|CE1,GH43_29|CBM6,HTH_AraC,GH95,null,null,HTH_8|HTH_AraC,GH30,1.B.14,null,null,null,null,null,GH115,null"
PUL0045,xylan,PUL0045,"null,GH67,GH43_1,GH10,2.A.2,null,GH10,null,null,1.B.14,HTH_AraC|HTH_AraC|HTH_AraC"
PUL0300,xylan,PUL0300,"null,null,3.A.1,3.A.1,SBP_bac_1,GH43_26,null,LacI,GH43_27,GH43_4,GH43_4,null,GH51,3.A.1"
PUL0643,xylan,PUL0643,"CE1,null,GH43_7|GH43_7,1.B.14,null,CE6|CE1,CE1,null,GH43_17,GH3,GH43_2|CBM6,HTH_AraC|HTH_AraC"
PUL0644,xylan,PUL0644,"HTH_AraC,GH43_2|CBM6,GH43_17,CE1,CE1,null,null,GH43_7|GH43_7,null,CE1"
PUL0645,xylan,PUL0645,"HTH_AraC,GH43_2|CBM6,GH3,GH43_17,null,GH43_7|GH43_7,null,CE1,null,1.B.14"
PUL0003,xylan,PUL0003,"GH30_8,GH43_16|CBM6"
PUL0010,xylan,PUL0010,"null,null,GH43_11,null,null,GH10,9.B.28,null,null,null,GntR,null,PfkB,GH39,GH67,3.A.1,3.A.1,3.A.1,GH10,GH52,CE4,null,3.A.1,3.A.1,SBP_bac_1,HTH_AraC|HTH_AraC,8.A.59,null,null,null,null,GH51,3.A.1,3.A.1,3.A.1,null,null,null,GntR,3.A.1,3.A.1,3.A.1"
PUL0227,xylan,PUL0227,"null,GH67,GH3,null,null,null,8.A.59,HTH_AraC,null,3.A.1,null,null"
PUL0289,xylan,PUL0289,"1.B.14,HTH_AraC|HTH_AraC,GH97,GH3,GH43_10,GH146,GH115,CE6|CE1,null,GH43_12,null,1.B.14"
PUL0294,xylan,PUL0294,"null,null,GH120,null,GH43_12,GH43_11,3.A.1,3.A.1,3.A.1,LacI,null,null"
PUL0328,xylan,PUL0328,"null,GH127,null,null,GH43_26,GH2,GH5_13,null,null,1.B.14"
PUL0329,xylan,PUL0329,"GH43_10,GH43_12,null,null,GH43_1,1.B.14,null,null,null,null,null,null,null,LacI,null,GH3,GH67,null,null,GH10,GH115,CE15,null,null,2.A.21"
PUL0342,xylan,PUL0342,"GH10|CE1,GH95,GH3,SBP_bac_1,HTH_AraC|HTH_AraC"
PUL0345,xylan,PUL0345,"HTH_AraC|HTH_AraC,1.B.14,null,null,GH10,null,GH35,null,2.A.2,GH10|GH43_12,GH43_1,null,GH67,null,null,0036286,null,GH8,CE6|GH95,CE1,GH5_21,null,GH10,null,null,null,null,1.B.14,null,null,GH115"
PUL0346,xylan,PUL0346,"GH43_29,HTH_AraC,null,null,null,null,null,1.B.14,GH43_12,GH43_1,GH10,null,2.A.2,null,GH16"
PUL0364,xylan,PUL0364,"GH10,GH2,null,GH10,2.A.1,null,2.A.2,GH43_1"
PUL0386,xylan,PUL0386,"GH43_16|CBM6,GH10|CBM6,GH43_29|CBM6,CE1|CBM6,GH43_10|CBM6,GH62|CBM6,GH43_29|CBM6,GH146|CBM22,GH27|CBM6,GH59|CBM6,GH2|CBM6"
PUL0390,xylan,PUL0390,"GH67,3.A.1,3.A.1,3.A.1,3.A.1,3.A.1,CBM22|CBM22|GH10|CBM9|CBM9,null,null,null,HTH_11,null,PfkB,null,null,GH10,3.A.1,3.A.1,3.A.1,3.A.1,3.A.1,GH3,CE7,3.A.1"
PUL0392,xylan,PUL0392,"null,8.A.46,1.B.14,Sigma70_r2|Sigma70_r4_2,GH67,2.A.2,null,GH13_14"
PUL0411,xylan,PUL0411,"GH10,GH43_1"
PUL0414,xylan,PUL0414,"null,null,null,null,null,null,GH10,3.A.12,ATPase_2,null,null,null,null,null,SBP_bac_1,3.A.1,3.A.1,8.A.49,GH10,null,null,null,null,null,null,null,null,Fer4"
PUL0456,xylan,PUL0456,"null,2.A.1,HTH_AraC|HTH_AraC,1.B.14,null,1.B.14,GH43_10,HTH_AraC|HTH_AraC,GH43_1,GH10,2.A.2,null,GH67"
PUL0457,xylan,PUL0457,"null,null,GH43_11,2.A.2,2.A.1,null,null"
PUL0480,xylan,PUL0480,"GH3,HTH_AraC,1.B.14,null,null,GH10,GH16,GH8,2.A.2"
PUL0481,xylan,PUL0481,"8.A.46,1.B.14,HTH_AraC|HTH_AraC,GH97,GH3,GH43_10,GH146,GH115,null,GH43_12,null,1.B.14,GH3"
PUL0542,xylan,PUL0542,"8.A.59,HTH_AraC|HTH_AraC,SBP_bac_1,3.A.1,3.A.1,null,CE4,GH52,GH10,null,3.A.1,3.A.1,GH67,GH39,PfkB,null,GntR,null,null,null,9.B.28,null,null,AAA,null,null,null,GH43_11,null,null"
PUL0553,xylan,PUL0553,"GH43_10,GH3,null,GH43_12,GH31,GH97,GH43_29|CBM6,GH43_12,1.B.14,null,null,null,null,GH10,null,GH5_21,CE6|CE1,GH43_29|CBM6,Reg_prop|Reg_prop|Reg_prop|Y_Y_Y|HisKA|HATPase_c|Response_reg|HTH_18,GH95,GH115"
PUL0592,xylan,PUL0592,"HTH_AraC|HTH_AraC,8.A.59,3.A.1,3.A.1,3.A.1,GH67,GH10,GH43_12"
PUL0594,xylan,PUL0594,"9.B.33,3.A.1,HTH_5,GH51"
PUL0599,xylan,PUL0599,"HTH_AraC|HTH_AraC,dCache_1|HATPase_c,SBP_bac_1,GH43_11,3.A.1,3.A.1,3.A.1"
PUL0602,xylan,PUL0602,"null,null,null,null,GH10,9.B.28,null,null,null,GntR,null,PfkB,GH39,GH67,3.A.1,3.A.1,3.A.1,GH10,GH52,CE4,null,3.A.1,3.A.1,SBP_bac_1,HTH_AraC|HTH_AraC,8.A.59"
PUL0610,xylan,PUL0610,"LacI,GH43_15|CBM6,CBM4|CBM4|GH10,null,null,null,null,GH10,GerE,FecR,1.B.14,8.A.46,GH67,GH3,GH3"
PUL0617,xylan,PUL0617,"GH67,null,2.A.2,GH10,GH43_1,GH43_35,null,GH5_21,GH10,null,null,null,null,1.B.14"
PUL0619,xylan,PUL0619,"1.B.14,null,null,null,GH35"
PUL0620,xylan,PUL0620,"GH128,null,null,GH51|GH43_19,null,1.B.14,null,null,null,null"
PUL0622,xylan,PUL0622,"null,null,1.B.14,null,null,null,1.B.14,null,null,null,PL11_1,GH3,GH43_7,PL11_1,GH2"
PUL0624,xylan,PUL0624,"GH43_24,null,GH51|GH43_19,null,1.B.14,8.A.46,null,null,1.B.14,null,GH128"
PUL0625,xylan,PUL0625,"GH43_12,GH115,GH43_10,GH97,GH43_29|CBM6,CE1|CE1,GH95,GH115,null,HTH_AraC,null,GH30_8,null,null,null,null,null,1.B.14"
PUL0630,xylan,PUL0630,"1.B.14,null,null,GH10,GH115,GH11,2.A.2,GH10,GH43_1"
PUL0648,xylan,PUL0648,"GH10,null,null,null,null,1.B.14,GH43_12,GH43_1,GH10,HTH_AraC|HTH_AraC,null,GH146,NUDIX,CE1,GH8,CE6,GH43_29|CBM6,GH43_29|CBM6,GH97,GH31,HTH_AraC,null,GH51,GH43_29,CE1|CE1,GH43_10,GH115,null,2.A.2,GH10,GH43_1,GH67,null,null,HTH_AraC|HTH_AraC,1.B.14,8.A.46"
