,high_level_substr,sig_gene_seq
0,agarose,"HTH_8,GH16,GH117|GH117,GH2,GH2,null,null,null,2.A.1,null,null,null,null,null,GH50,GH105|GH154,null,null,null,GH16,null,null,GH86,GH86,null,null,null,1.B.14,HTH_AraC,null,null,GH29,GH16,null,1.B.14,GH2"
1,agarose,"GH2,2.A.21,null,null,3.D.1,null,GH96,GH96,null,null,2.A.1,GH50,GH50,null,null,GH29,null,SBP_bac_1,TrmB,null,null,null,null,null,null,null,null,null,null,null,null,1.B.14,null,GntR,GH50,1.B.14,null,null,null,GH86,null,3.A.1,3.A.1,3.A.1,3.A.1,null,PfkB,GH117|GH117"
2,agarose,"GH2,GH141,GH105|GH154,null,null,null,1.B.14,null,null,GH16_11,GH117,GH16_11,GH16_14,GH29,null,null,null,null,null,null,null,HTH_AraC"
3,agarose,"GH16_16|CBM6|CBM6,3.D.1,GH50,null,null,null,null,1.B.14,null,null,null,CBM6,GH16_16|CBM13,2.A.98,HTH_1,GH50,FecR,Sigma70_r2|Sigma70_r4,Pyr_redox_2,GH117,2.A.21,GH16_3,null,null,GH2,null,null,null,null,SBP_bac_1,0040266,null,null,GH50,SBP_bac_3|HATPase_c,GerE,null,null,null,null,null,GH127,2.A.1,GntR,null,null,null,null,null,GH167,HTH_AraC|HTH_AraC,null,null,GntR,CBM6|CBM6|GH86|GH86,null,GH50,null,null,null,null,2.A.1,GH86"
4,agarose,"GH2,2.A.21,null,null,3.D.1,null,GH96,GH96,null,null,2.A.1,GH50,GH50,null,GH50,GH29,null,SBP_bac_1,TrmB,null,null,null,null,null,null,null,null,null,null,null,1.B.14,null,GntR,GH50,1.B.14,null,null,null,GH86,null,3.A.1,3.A.1,3.A.1,3.A.1,null,PfkB,GH117|GH117,null,null,null,null,null,null,Pyr_redox_2"
5,agarose,"GH16_16,HTH_8,null,PfkB,null,null,null,null,GH2,null,GH117|GH117,3.A.1,3.A.1,3.A.1,LacI,null,GH50"
6,alginate,"null,null,PL5_1,null,null"
7,alginate,"2.A.28,null,PL6|PL6_1,PL17_2|PL17,1.B.14,8.A.46"
8,alginate,"1.B.14,GntR,PL6|PL6_1,PL17_2|PL17,AraC_binding,2.A.1,null,PfkB,null,null"
9,alginate,"null,GntR,null,PL6,PL17_2|PL17,2.A.1,null,null"
10,alginate,"null,null,null,PL6|PL6_1,PL17_2|PL17,AraC_binding,2.A.1,PfkB,null"
11,alginate,"PL17_2|PL17,PL6|PL6_1,null,8.A.46,1.B.14,null,GntR"
12,alginate,"PL6|PL6_1,null,null,1.B.14,PL17_2|PL17"
13,alginate,"null,PL6|PL6_1,PL17_2|PL17,null,2.A.1,PfkB,null,null,null,PL6_3,null,1.B.14,GerE,null"
14,alginate,"null,PfkB,null,2.A.1,GntR,PL7,null,null,1.B.14,null,AraC_binding,PL17_2|PL17"
15,alginate,"3.D.2,3.D.2,3.D.2,PfkB,2.A.1,PL6|PL6_1,GntR,null"
16,alginate,"null,GntR,3.A.1,3.A.1,3.A.1,3.A.1,PL15_1,null"
17,alginate,"CBM16|CBM32|PL18,null,null,PL6,PL6,SBP_bac_3,null,null,null,PfkB,null,2.A.1,AraC_binding,PL17_2|PL17,PL6|PL6_1,PL7_5,GntR"
18,alginate,"peroxidase,null,PL5|PL7,LacI,3.A.1,3.A.1,3.A.1,3.A.1,3.A.1,PL15_1"
19,alginate,"PL7_5,null,PL6|PL6_1,PL7_5,null,null,PL17_2|PL17,AraC_binding,1.B.14,null,null,PL7,PL7,GntR,2.A.1,null,PfkB,null,null,LacI"
20,alginate,"PL6|PL6_1,PL7_5,PL6|PL6_1"
21,alginate,"null,null,null,PL6|PL6_1,PL17_2|PL17,AraC_binding,2.A.1,PfkB,null,GntR,CBM32|PL7_5,1.B.14,PL6_3,PL7_5"
22,alginate,"PL5|PL7,LacI,3.A.1,3.A.1,3.A.1,3.A.1,3.A.1,PL15_1"
23,alginate,"AraC_binding,null,null,2.A.50,PL5_1,null,null,1.B.13,null,null,4.D.1,null"
24,alginate,"PfkB,AraC_binding,null,PL15_1,3.A.1,3.A.1,3.A.1,null"
25,alginate,"GerE,1.B.14,null,null,GH144,GH144,CE1,GH3,null,BLUF,null,null,null,null,null,null,null,PL6|PL6_1,PL12,PL6|PL6_1,PL17_2|PL17,AraC_binding,null,null,1.B.14,8.A.46,GntR,2.A.1,null,LacI,PfkB,null,null,TPR_2,Response_reg,null,null,null"
26,alginate,"null,null,1.B.14,null,null,PL7,PL7,GntR,null,null"
27,alpha-glucan,"null,null,null,GH13,GH13_36,GH65,null,2.A.2,LacI,1.B.14,null,null,GH13_7"
28,alpha-glucan,"GH97,GH13_19,GH13_38,GH31,null,GH13,GH65,null,2.A.2,LacI,1.B.14,8.A.46,null,null"
29,alpha-glucan,"2.A.21,8.A.46,1.B.14,LacI,GH65,GH13_38,null,null,Pyr_redox_2,1.A.8,null"
30,alpha-mannan,"null,2.A.1,GH92,GH92,GH43_34,null,null,null,GH125,null,CBM32,8.A.46,1.B.14,GH92,null,GH92,null,null,null,null,null,null,GH92,GH76,LacI,null,null,null,null,GH2,null,GH92,2.A.1"
31,alpha-mannan,"GH97,null,GH67,GH76,null,null,1.B.14,null,HTH_AraC,GH92,null,GH76,GH125,null,null,null,null,null,null,3.A.7,null,null,null,null,null,null"
32,alpha-mannan,"null,1.B.14,null,null,null,GH92,null,null,null,GH99,9.B.14,null,null"
33,alpha-mannan,"GH92,GH38|CBM32,GT32,GT32,null,null,null,GH130,GH125,GH76,null,GH92,HTH_AraC,null,1.B.14,null,null,null,GH76,null,null"
34,alpha-mannan,"null,null,null,HTH_8,HisKA|HATPase_c|Response_reg,GH97,null,GH67,GH76,null,null,1.B.14,null,HTH_AraC,GH92,null,GH76,GH125,null"
35,alpha-mannan,"GH92,GH38|CBM32,GT32,GT32,null,null,null,GH130,GH125,GH76,null,GH92,null,HTH_AraC,null,1.B.14,null,null,null,GH76"
36,alpha-mannan,"null,1.B.14,null,null,null,GH92,null,null,null,GH99"
37,alpha-mannan,"GH97,null,GH67,GH76,null,null,1.B.14,null,HTH_AraC,GH92,null,GH76,GH125"
38,arabinan,"3.A.1,8.A.59,HTH_AraC|HTH_AraC,3.A.1,null,null,3.A.1,3.A.1,GntR,null,null,null,null,GH43_5,SBP_bac_1,3.A.1,3.A.1,GH43_4,GH51,GH51,null,null,null,null,GH127,8.A.59,HTH_AraC|HTH_AraC,SBP_bac_1,3.A.1,3.A.1,null,CE4,GH52,GH10,null,3.A.1,3.A.1,GH67,GH39,PfkB,null,GntR,null,null,null,9.B.28,null,null,AAA,null,null,null,GH43_11,null,null,null"
39,arabinan,"3.A.1,3.A.1,MarR,null,GH43_24,GH30_5,0045030,2.A.3,null,3.A.1,HTH_11,2.A.3,GH146,null,GH43_22|GH43_34,GH43_22|GH43_26,GH43_27,GH43_22,GH43_22,9.B.28,3.A.1,3.A.1,LacI,3.A.1"
40,arabinan,"GH146,1.B.14,null,null,GH43_29,GH121,1.B.14,null,null"
41,arabinan,"GH43_4,null,1.B.14,null,1.B.14,null,HTH_AraC|HTH_AraC,GH43_4,GH51,GH43_29"
42,arabinan,"2.A.3,null,null,GH43_22|GH43_34,GH43_22|GH43_26,GH43_27,GH43_22,GH43_22,9.B.28"
43,arabinan,"2.A.3,HTH_5,GH43_22,9.B.28"
44,arabinan,"GH51,GH146,null,null,null,null,NUDIX,2.A.21,null,null,null,null,GH43_4,null,1.B.14,null,1.B.14,null,HTH_AraC|HTH_AraC,GH43_4,GH51,GH43_29"
45,arabinan,"SBP_bac_3,3.A.1,3.A.1,GH43_4,GH127,GH51,GH27,GH51,3.A.1,3.A.1,3.A.1,GH146"
46,arabinan,"GH51,3.A.1,3.A.1,3.A.1,null,null,null,null,null"
47,arabinan,"HTH_AraC,GH43_2|CBM6,GH3,GH43_17,GH9,null,1.B.14,GH43_7|GH43_7,null,CE1"
48,arabinan,"1.B.14,null,PL1_2,null,GH43_18,GH143|GH142,CBM67|GH78"
49,arabinan,"null,null,GH43_4,null,null,GntR,null,GH2,null,GH43_4,GH127,GH51,null,3.A.1,3.A.1,3.A.1,null,GH43_26,GH51,null,GH27,3.A.1,HTH_8,null"
50,arabinogalactan,"3.A.1,3.A.1,MarR,null,GH43_24,GH30_5,0045030,2.A.3,null,3.A.1,HTH_11,2.A.3,GH146,null,GH43_22|GH43_34,GH43_22|GH43_26,GH43_27,GH43_22,GH43_22,9.B.28,3.A.1,3.A.1,LacI,3.A.1"
51,arabinogalactan,"GH43_24|GH16,GH16,null,null,1.B.14,null,1.B.14,null,HTH_AraC"
52,arabinogalactan,"null,PL27,GH43_24,GH43_24,null,HTH_AraC|HTH_AraC,null,null,null,null,1.B.14,null,null,null,null,null,null,null,null,null,null,null,null,1.A.30,null,null,null,null,GH35,null"
53,arabinogalactan,"GH127,GH43_34,null,GH154,HTH_AraC,null,1.B.14,null,null,GH16|GH43_24,null,GH43_24,GH145,GH105"
54,arabinogalactan,"LacI,SBP_bac_1,3.A.1,3.A.1,GH36,-,null"
55,arabinoxylan,"GH43_10,GH3,null,GH43_12,GH31,GH97,GH43_29|CBM6,GH43_12,1.B.14,null,1.B.14,null,null,null,GH30_8,GH98|CBM35,GH115,CE6|CE1,GH43_29|CBM6,HTH_AraC,GH95,null,null,HTH_8|HTH_AraC,GH30,1.B.14,null,null,null,null,null,GH115,null"
56,arabinoxylan,"null,GH67,GH43_1,GH10,2.A.2,null,GH10,null,null,1.B.14,HTH_AraC|HTH_AraC|HTH_AraC"
57,arabinoxylan,"null,null,3.A.1,3.A.1,SBP_bac_1,GH43_26,null,LacI,GH43_27,GH43_4,GH43_4,null,GH51,3.A.1"
58,arabinoxylan,"CE1,null,GH43_7|GH43_7,1.B.14,null,CE6|CE1,CE1,null,GH43_17,GH3,GH43_2|CBM6,HTH_AraC|HTH_AraC"
59,arabinoxylan,"HTH_AraC,GH43_2|CBM6,GH43_17,CE1,CE1,null,null,GH43_7|GH43_7,null,CE1"
60,arabinoxylan,"HTH_AraC,GH43_2|CBM6,GH3,GH43_17,null,GH43_7|GH43_7,null,CE1,null,1.B.14"
61,beta-galactooligosaccharide,"2.A.2,GH2,LacI"
62,beta-galactooligosaccharide,"3.A.1,GH42,3.A.1,3.A.1,LacI"
63,beta-galactooligosaccharide,"null,null,null,null,null,GH42,2.A.2,null,LacI,GH2,null,null"
64,beta-galactooligosaccharide,"LacI,2.A.2,GH2"
65,beta-glucan,"null,GH16"
66,beta-glucan,"GH26,GH9,GH9"
67,beta-glucan,"HTH_AraC,GH16,1.B.14,8.A.46,null,GH3"
68,beta-glucan,"GH5_4,CBM4,null,null,1.B.14,null,1.B.14,HTH_AraC|HTH_AraC|HTH_AraC"
69,beta-glucan,"GH3,HTH_AraC,GH16,1.B.14,8.A.46,null,GH3"
70,beta-glucan,"HTH_AraC|HTH_AraC,8.A.59,3.A.1,3.A.1,CBM54|GH16|CBM4|CBM4|CBM6|CBM4|CBM4,GH16,3.A.1"
71,beta-glucan,"null,GH30_1,GH17,GH3,GH149,GH16,null,null,null,8.A.46,1.B.14"
72,beta-glucan,"GerE,1.B.14,8.A.46,null,GH16,GH3,GH16"
73,beta-glucan,"GH16,1.B.14,8.A.46,null,GH3"
74,beta-glucan,"CBM4,null,null,1.B.14,null,1.B.14"
75,beta-glucan,"null,1.B.14,null,GH30_3,null,GH3"
76,beta-glucan,"null,null,null,GH73,null,null,null,Peptidase_M23,null,null,null,9.B.154,null"
77,beta-glucan,"GH16,1.B.14,9.B.34,2.A.35,GH3,2.A.1,8.A.49,LacI,2.A.1"
78,beta-glucan,"1.B.14,GH1,2.A.2,LacI|Peripla_BP_3"
79,beta-glucan,"3.A.1,null,null,LacI,GH16,GH3,GH18,1.E.19,null,null,null,null,null,HTH_5,3.A.3,9.B.105,null,null,null,null"
80,beta-glucan,"GerE,1.B.14,8.A.46,null,GH16,GH16"
81,beta-glucan,"null,1.B.14,null,GH30_3,null,GH3"
82,beta-glucan,"GH3,HTH_AraC,GH16,1.B.14,8.A.46,null,GH3"
83,beta-glucan,"GH3,GH3,null,1.B.14,null,GH157,HTH_AraC"
84,beta-glucan,"LacI|Peripla_BP_3,3.A.1,3.A.1,3.A.1,GH1"
85,beta-glucan,"GH3,GH158,null,null,1.B.14,GerE"
86,beta-mannan,"GH1,8.A.49,null,null,CE2,GH130,GH130,null,3.A.1,3.A.1,SBP_bac_1,LacI,GH36,null,GH113"
87,beta-mannan,"CBM27|GH26|CBM23,GH3,GH3"
88,beta-mannan,"GH5_4,GH26,GH5_4,null,null,null,1.B.14,CE7,GH26,GH130,2.A.2,null"
89,beta-mannan,"CE2,null,GH3,GH5_7,GH26,null,GH130,2.A.21,GH26,HTH_AraC|HTH_AraC,GH5_2,1.B.14,8.A.46,null,GH27,null,GH9,GH26,null"
90,beta-mannan,"null,GH9,null,GH27,null,null,8.A.46,1.B.14,GH5_2,HTH_AraC|HTH_AraC,GH26,2.A.21,GH130,null,GH26,null,null"
91,beta-mannan,"null,null,2.A.2,GH130,GH36,GH26,GH26,null,null,1.B.14,HTH_AraC|HTH_AraC,null"
92,beta-mannan,"GH26,GH130,2.A.2,null"
93,beta-mannan,"GH5_2,GH27,null,null,8.A.46,1.B.14,HTH_AraC,GH26,2.A.2,GH130,null,GH26,GH5_7,GH97"
94,carrageenan,"null,GH16,null,null,null,null,null,null,1.B.14,null,null,null,null,null,null,GntR,null,null,null,null,null,2.A.1,GntR"
95,carrageenan,"null,null,null,null,null,null,null,null,null,GH16,null,null,null,null,null,2.A.1,null,null,null,null,null,null,GntR,GntR,1.B.14,HTH_AraC|HTH_AraC,GH16,null,null,GH150"
96,carrageenan,"null,null,GH127,GH127,2.A.1,GH127,null,GH129,null,null,null,null,null,null,HTH_AraC|HTH_AraC|HTH_AraC"
97,carrageenan,"null,null,null,null,null,GH110,GH110,null,8.A.46,1.B.14"
98,carrageenan,"null,null,GH16,HTH_18,1.B.14,GntR,GntR,null,null,null,null,null,null,2.A.1,null,null,null,null,null,null,GH16,null,null,null,null,null,null,null,null"
99,carrageenan,"null,TetR_N,GH16|CBM16"
100,carrageenan,"TPR_1,GH5_42,null,null"
101,carrageenan,"GH16,null,null,null,null,null,null,null,HTH_1,null,null,2.A.1,null,null,null,GntR,null,null,null,null,null,GH16|CBM16|CBM16,null,1.B.52,null,TrmB,null,GH16,2.A.21,null,null,null,null,null,null,null,null,null,null,null,null,null,GH16,null,null,null,null,null,GntR"
102,cellulose,"GH48,GH8,GH9|CBM3,CBM4|GH9"
103,cellulose,"GH9,GH9|CBM3,GH5_17,GH9,PL11,GH5_1"
104,cellulose,"CBM3|cohesin|cohesin|cohesin|cohesin|cohesin|cohesin,GH48,GH8,GH9|CBM3,CBM4|GH9,null,GH9,GH9|CBM3,GH5_17,GH9,GH5_7,GH5_1"
105,cellulose,"GH10|CBM6,GH43_29|CBM6,CE1|CBM6,GH43_10|CBM6,GH62|CBM6,GH43_29|CBM6,GH27|CBM6,GH59|CBM6,GH62|CBM6|CE6,GH95|CBM32,CE1|CBM6,GH30_8|CBM6"
106,cellulose,"GH9|CBM3|CBM3,GH9|CBM3"
107,cellulose,"GH5_4,null"
108,cellulose,"GH35,null,GH105,null,null,null,1.B.14,null"
109,cellulose,"GH5_7,GH26,null,null,8.A.46,1.B.14"
110,cellulose,"9.B.33,HTH_AraC|HTH_AraC,GH43_16|CBM6,GH10|CBM6,GH43_29|CBM6,CE1|CBM6,GH43_10|CBM6,GH62|CBM6,GH43_29|CBM6,GH146|CBM22,GH27|CBM6,GH59|CBM6,GH2|CBM6,GH62|CBM6|CE6,GH95|CBM32|CBM6,GH30_8|CBM6"
111,cellulose,"null,GH26|GH5_4,GH5_7,null,null,null,null,1.B.14,HTH_AraC|HTH_AraC,null,2.A.2,GH130,GH26,CE7,null,GH36,GH3,null"
112,cellulose,"null,GH31,GH9,GH26,null,null,null,1.B.14,null,null,null"
113,cellulose,"null,null,1.B.14,GH5_4,HTH_AraC|HTH_AraC,GH36,null"
114,cellulose,"null,GH31,GH5_4,GH26,null,null,null,null,1.B.14"
115,cellulose,"HTH_AraC|HTH_AraC,GH5_38,null,null,GH94,2.A.2,1.B.14,8.A.46,null,null,null,GH36"
116,cellulose,"GT2,4.D.3,GH8,1.B.55"
117,cellulose,"GH48,GH8,GH9|CBM3,CBM4|GH9,null,GH9,GH9|CBM3,GH5_17,GH9,null,PL11,GH5_1"
118,chitin,"null,GH94,GH20,null,GH9,3.A.1,3.A.1,3.A.1,3.A.1,3.A.1,HisKA|HATPase_c|Response_reg|PAS"
119,chitin,"GH35,SIS|SIS,3.A.1,3.A.1,3.A.1,3.A.1,3.A.1,GH1,null,null,PIG-L,GH18"
120,chitin,"GH18,AA10|CBM5|CBM5,GH18|CBM5|CBM5"
121,chitin,"3.A.1,null,PIG-L,null,GH3,3.A.1,3.A.1,SBP_bac_1,null,HTH_5,null,null,null,CBM5,GH18,CBM5|GH18"
122,chitin,"null,null,GH16,null,null,GH3,SIS|SIS,GntR,null,1.A.30,1.A.30,1.B.14,null,null"
123,chitin,"SBP_bac_1,3.A.1,3.A.1,3.A.1,null,CE9,null,null,null"
124,chitin,"null,1.E.2,1.E.2,GH18,HTH_1,AA10"
125,chitin,"GH18|GH18,GH20,PIG-L,8.A.46,1.B.14,GH18,8.A.46,1.B.14,null,LytTR,2.A.1"
126,chitin,"CE4,4.A.3,4.A.3,4.A.3,GH4,null"
127,chitin,"GH18|GH18,GH20,PIG-L,8.A.46,1.B.14,GH18,8.A.46,1.B.14,null,LytTR|LytTR"
128,chitin,"GH18,AA10|CBM5,GH18|CBM5"
129,chitin,"GH18,AA10|CBM5|CBM5,GH18|CBM5|CBM5"
130,chitin,"null,null,4.A.3,4.A.3,4.A.3,HTH_AraC|HTH_AraC,GH4,null"
131,chitin,"1.B.25,null,GH20"
132,chitin,"3.A.1,3.A.1,3.A.1,GH3"
133,fructan,"HTH_AraC,null,null,PfkB,2.A.1,GH32,GH32,null,8.A.46,1.B.14,null,GH32"
134,fructan,"null,null,GH32,4.A.1,LacI,3.A.1,3.A.1,HTH_1,null,HTH_3,2.A.40,null"
135,fructan,"null,4.A.1,null,GH32,LacI"
136,fructan,"GH32,3.A.1,3.A.1,3.A.1,LacI,HTH_Mga|Mga|PRD_Mga"
137,fructan,"GH32,3.A.1,3.A.1,3.A.1,LacI,HTH_Mga|Mga|PRD_Mga"
138,fructan,"GH68,GH32,2.A.3"
139,fructan,"GH32,PfkB,GH32"
140,galactan,"GH1,HTH_6|SIS,null,null,3.A.1,8.A.59,Response_reg|HTH_18|HTH_AraC,3.A.1,3.A.1,3.A.1,null"
141,galactan,"null,null,null,null,GH53,2.A.2,GH42,LacI"
142,galactan,"LacI,1.B.3,GH42,GH53,3.A.1,3.A.1,3.A.1,3.A.1,null"
143,galactan,"1.B.52,LacI,3.A.1,3.A.1,3.A.1,GH42,null"
144,galactan,"SBP_bac_1,3.A.1,3.A.1,GH42,LacI,GH53|CBM61,null,null,null"
145,galactan,"SBP_bac_1,3.A.1,3.A.1,GH42,LacI,2.A.2,null,null,null,null"
146,galactan,"GH2,GH53,null,8.A.46,1.B.14,null,HTH_AraC|HTH_AraC|HTH_AraC"
147,galactan,"GH2,GH53,null,8.A.46,1.B.14,GH147,HTH_AraC|HTH_AraC|HTH_AraC"
148,galactan,"GH53,GH42,3.A.1,3.A.1,3.A.1,LacI|Peripla_BP_3"
149,galactan,"null,null,CBM6|GH86|GH86,1.B.14,null,null,null,null,null,GH16|CBM6"
150,galactomannan,"GH130,LacI,GH130,SBP_bac_1,null,GH27,3.A.1,3.A.1,null,null,CE7,null"
151,galactomannan,"GH130,null,GH5_7,GH27"
152,galactomannan,"null,null,null,null,2.A.2,GH130,GH36,GH26,GH26,null,null,1.B.14,HTH_AraC|HTH_AraC,null"
153,galactomannan,"null,null,CE7,2.A.2,GH130,GH26,GH26,null,null,null,1.B.14,null,null,HTH_AraC|HTH_AraC,null"
154,galactomannan,"2.A.38,TrkA_C|TrkA_C,null,null,null,null,null,GH36,GH29,null,null,1.B.14,HTH_AraC|HTH_AraC,2.A.1,GH29,null,null,9.B.97,2.A.64"
155,galactomannan,"3.A.3,GH2,9.B.36,LacI,SBP_bac_1,3.A.1,3.A.1,null"
156,galactomannan,"2.A.2,GH2,LacI,HTH_AraC|HTH_AraC|HTH_AraC"
157,galactomannan,"LacI,GH42,GH35,3.A.1,3.A.1,SBP_bac_1,null,null,3.A.1"
158,galactomannan,"3.A.1,3.A.1,3.A.1,GH42,LacI,GH53|CBM61"
159,galactomannan,"2.A.2,GH2,LacI"
160,galactomannan,"null,LacI,3.A.1,3.A.1,GH42,3.A.1"
161,galactomannan,"GH42,3.A.1,3.A.1"
162,galactomannan,"null,null,GH130,GH130,null,3.A.1,3.A.1,SBP_bac_1,HTH_AraC|HTH_AraC,8.A.59,null,GH2"
163,galactomannan,"4.A.3,4.A.3,GH1"
164,galactomannan,"null,4.A.1,GH32,LacI,GH13_31"
165,glucomannan,"4.A.3,4.A.3,4.A.3,8.A.49,GntR,null,null,GH26"
166,glucomannan,"GH65,null,GH13,null,8.A.46,1.B.14,LacI,CBM32|CBM32"
167,glucomannan,"null,GH51,null,null,1.B.14,HTH_AraC|HTH_AraC"
168,glycogen,"CBM48|GH13_9,null,null,GT5,GT35"
169,glycogen,"Pyr_redox_2,CBM48|GH13_9,null,null,GT5,GT35,GH13_39,null,null,3.A.1"
170,glycogen,"GT35,GT5,null,CBM48|GH13_11,CBM48|GH13_9"
171,glycosaminoglycan,"LacI,PfkB,null,PL8,null,null,3.A.1,3.A.1,3.A.1,3.A.1,null,PL8,null,GH88,null"
172,glycosaminoglycan,"CBM70|PL8_1,null,PfkB,null,null,4.A.6,GH88,4.A.6,4.A.6,4.A.6,null,PL12_1"
173,glycosaminoglycan,"null,PL12_1,null,null,4.A.6,4.A.6,4.A.6,GH88,null,TrmB,null,null,null,PfkB,null,PL8"
174,glycosaminoglycan,"null,PL12_1,null,null,4.A.6,4.A.6,4.A.6,GH88,null,0040266,null,CHASE2,PfkB,null,DeoRC,null"
175,glycosaminoglycan,"PL8_2,null,null,null,PL29,null,null,8.A.46,1.B.14,null,HTH_AraC,null,null,2.A.6,2.A.6,2.A.6,GH2,null,null,null,null,null,1.B.14,null,GH88,null,PL8_2"
176,glycosaminoglycan,"PL15_2,2.A.1,null,null,null,PL12_2,GH88,8.A.46,1.B.14,null,PL12_2,HTH_AraC|HTH_AraC"
177,glycosaminoglycan,"1.B.14,null,CE9,SIS|SIS,LacI,2.A.1,GntR"
178,glycosaminoglycan,"GntR,4.A.1,4.A.1,1.B.1,CE9,SIS|SIS,null"
179,glycosaminoglycan,"1.B.14,8.A.46,GH18,null,null"
180,glycosaminoglycan,"null,null,null,null,null,1.B.14,GH2,null,null"
181,glycosaminoglycan,"PL1_2,CE8,1.B.14,null,null,GH3,HTH_AraC|HTH_AraC|HTH_AraC"
182,glycosaminoglycan,"MarR,CE9,4.A.1"
183,glycosaminoglycan,"null,Glucokinase,CE9"
184,glycosaminoglycan,"null,CE9,null,GntR"
185,host glycan,"GH33,GH20,null,GH2,GH20,GH20,GH2"
186,host glycan,"GH20,TetR_N"
187,host glycan,"GH92,GH130,null,GH163,null,null,null,8.A.46,1.B.14,null,1.B.14,8.A.46,null,null,1.B.14,8.A.46,null,null,null,GH20,FecR,GerE"
188,host glycan,"null,GH29|CBM32"
189,host glycan,"GerE,FecR,1.B.14,8.A.46,GH18,null,null"
190,host glycan,"GH20,null,GH38,GH125,GH92,GH29"
191,host glycan,"PL12_1,4.A.6,4.A.6,4.A.6,GH88,4.A.6,null"
192,host glycan,"PL8,null,null,null,PfkB,null,GH88,4.A.6,4.A.6,4.A.6,4.A.6,null,PL12_1"
193,host glycan,"1.B.14,GH29,GH18,GH20,GH2,GH3,GH125,GH92,GH35"
194,host glycan,"GH92,GH130,null,GH163,null,null,null,8.A.46,1.B.14"
195,host glycan,"null,CBM32,null,null,1.B.14,null,cNMP_binding"
196,host glycan,"1.B.14,8.A.46,GH18,null"
197,host glycan,"null,null,null,null,8.A.46,1.B.14,null,null,null,1.B.14,8.A.46,GH18,null,null,GH163,null,GH130,GH92"
198,host glycan,"Fe_dep_repress,null,null,2.A.1,null,GH89,1.B.14,null,null,null,null,null,CE2"
199,host glycan,"null,null,null,null,null,null,1.B.14,null,2.A.1,GH33,GH20,null,GH2,GH20,GH20,GH2"
200,host glycan,"1.A.23,null,GH29|CBM32,GH2,GH20,null,null,null,1.B.14,GH18,null,null,HTH_AraC,null"
201,host glycan,"null,TPR_2|TPR_1|TPR_2,null,Peptidase_M23,HTH_AraC|HTH_AraC,null,GH43_26,null,null,null,null,null,null,null,1.B.14,null,null,null,null,null,null,null,1.B.14,null,null,null,null,null,null,ATPase_2,null,null,1.B.14,null,null,null,null,null,null,null,GH76,null,null,null,1.B.14,null,null"
202,host glycan,"GH154,GH2,GH20,null,GH88,PL33_1,null,1.B.14,HTH_AraC|HTH_AraC"
203,host glycan,"GerE,FecR,1.B.14,8.A.46,GH18,null,null"
204,pectin,"null,null,HTH_DeoR,HTH_AraC|HTH_AraC,8.A.59,PL1_6,GH105,SBP_bac_1,3.A.1"
205,pectin,"CE10,1.B.35"
206,pectin,"3.A.1,3.A.1,3.A.1,3.A.1,PL2_2"
207,pectin,"MarR,null,null,AraC_binding,null,null,PfkB,null,2.A.21,1.B.35,PL9_1,2.A.21,PL22|PL22"
208,pectin,"PL10_1,CE8,PL11"
209,pectin,"null,1.B.14,8.A.46,null,CE8,PL9_1,null,null,null,null,null,PfkB,null,2.A.56,2.A.56,2.A.56,null,null,null,LacI,GH28,null,GH105,GH43_10,GH28|PL9_1,CE12,CE10|CE8,CE12,PL10_1"
210,pectin,"CE12,1.B.14,null,GH28,null,null,GH105,GH105,GH43_10,null,LacI,2.A.56,2.A.56,2.A.56,null,null,null,null,PfkB,CE8,PL1_2"
211,pectin,"PfkB,null,null,null,null,2.A.56,2.A.56,2.A.56,LacI,null,CE8|PL1_5,null,PL1_2,null,null,null,null,GH105,GH105,null,null,GH28,null,null,1.B.14,null"
212,pectin,"GH95,null,GH140,CBM67|GH78|GH33,null,null,GH28,CBM67|GH78,GH43_18,null,PL1_2,null,null,null,1.B.14,null,GH92"
213,pectin,"GH51,GH146,null,null,null,NUDIX,2.A.21,null,GH43_4,null,null,1.B.14,GH43_4,GH51,GH43_29"
214,pectin,"GH105,CE8,null,CE12|CE8,AAA,HTH_AraC,null,null,1.B.14,PL1_2,PL1_2"
215,pectin,"GH106,GH28,null,GH28,CE12,GH2,null,GH43_18|GH43_34|CBM32,GH42,GH28,null,null,1.B.14,null,null,1.B.14,null,1.B.14,null,PL11,PL26,CE12|CE12,GH105,PL11_1,GH105,null,HTH_AraC|HTH_AraC"
216,pectin,"GH2,PL11,GH28,null,null,GH117|GH117,null,HTH_AraC,1.B.14,8.A.46,null,null,null,PL11,null,GH28,GH105,null,null,null,1.B.14,null,null,null,1.B.14,null,null,null,GH28,null"
217,pectin,"SBP_bac_1,3.A.1,3.A.1,GH105,HTH_AraC|HTH_AraC,CE12,null,9.B.28,PL11,PL11,CE12,GH42"
218,pectin,"GH105,CE8,CE12|CE8,HTH_AraC,null,null,1.B.14,PL1_2,PL1_2,9.B.116,LytTR,PL1_2,null,1.B.14,null,GH28,HTH_AraC|HTH_AraC"
219,pectin,"1.B.14,8.A.46,null,CE8,PL9_1,null,null,null,null,null,PfkB,null,2.A.56,2.A.56,2.A.56,null,null,null,LacI,GH28,null,GH105,GH43_10,GH28|PL9_1,CE12,CE10|CE8,CE12,PL10_1"
220,pectin,"1.B.14,CE8,PL10_1"
221,pectin,"null,null,null,2.A.56,2.A.56,2.A.56,LacI,null,null,null,null,PfkB,CE12,null,1.B.14,GH105,GH28,CE8"
222,pectin,"TrmB,PL1_2,null,PL1_5|PL1_5"
223,pectin,"GH28,2.A.1"
224,pectin,"GH43_19|GH43_34,GH27,GH2,GH95,GH51,GH28,GH28,2.A.21,null,GH2,null,HTH_AraC,null,null,null,GH92,GH92,null,1.B.14,GH89"
225,pectin,"CBM67|GH78,null,GH142,GH95,null,CBM67|GH78,GH143,GH43_18,GH28,GH140,null,PL1_2,null,PL1_2,null,1.B.14,CE8,GH127,PL1_2,GH139,null,GH106,GH2,GH137,null,GH78,HTH_AraC"
226,pectin,"GH2,CE12|CE12,null,GH28,null,null,GH117,null,null,1.B.14,GH106,GH105"
227,pectin,"CE12,GH28,PL10_1|CE8,GH43_10,GH105,GH105,GH105,null,8.A.46,1.B.14,GH28,LacI"
228,pectin,"GH105,CE8,CE12|CE8,HTH_AraC,PL1_2,PL1_2,PL1_2,CE8,null,null,1.B.14,9.B.116,LytTR,PL1_2,null,null,PL1_2,1.B.14,8.A.46,null,null,CE8,GH28,GH3,GH43_10,null,HTH_AraC|HTH_AraC"
229,pectin,"null,Sigma70_r2|Sigma70_r4_2,null,PL1_2,HTH_AraC,null,GH2,GH139,null,GH106,null,3.A.3,HisKA|HATPase_c,Trans_reg_C,null,GH2,GH2,HisKA|HATPase_c,HTH_AraC,GH137|GH2|CBM57,GH138,2.A.21,null,null,GH78,GH141,GH127,null,null,Nitroreductase,null,null,null,GH95,GH105,GH140,CBM67|GH78|GH33,null,null,null,null,GH28,CBM67|GH78,GH143|GH142,GH43_18,null,PL1_2,null,1.B.14,null,null,null,1.B.14,null"
230,pectin,"GH133,GH13_10,null,null,8.A.46,1.B.14,GH2,GH53,GH147"
231,pectin,"HTH_AraC,GH140,null,null,null,1.B.14"
232,pectin,"HTH_AraC,null,GH2,GH139,null,GH106,null,3.A.3,HisKA|HATPase_c,Trans_reg_C,null,GH2,GH2,HisKA|HATPase_c,HTH_AraC,GH137|GH2|CBM57,GH138,2.A.21,null,null,GH78,GH141,GH127,null,null,Nitroreductase,null,null,null,GH95,GH105,GH140,CBM67|GH78|GH33,null,null,null,null,GH28,CBM67|GH78,GH143|GH142,GH43_18,null,PL1_2,null,1.B.14,null,null,null,1.B.14,null"
233,pectin,"GH43_34,GH43_10,GH97,GH29,null,HTH_AraC|HTH_AraC,null,null,1.B.14,null,null,null"
234,pectin,"GH106,GH28,null,null,GH28,CE12,GH2,GH43_18|GH42,GH28,CE4,GH28,GH2,CBM35,null,null,GH35,null,null,null,1.B.14,8.A.46,null,null,1.B.14,null,PL9,null,PL26,CE12|CE12,GH105,PL11_1,GH105,null,HTH_AraC|HTH_AraC,CE4,CE6,GH2,HTH_AraC,PL9_1"
235,pectin,"GH2,GH53,null,8.A.46,1.B.14,GH147,HTH_AraC|HTH_AraC|HTH_AraC"
236,pectin,"null,null,null,null,GntR,GH28,2.A.2,GH105,null,null,PfkB,null,null,null,TrmB"
237,pectin,"null,1.B.14,PL1_2"
238,pectin,"null,1.B.14,null,null,2.A.66,GH28,null"
239,pectin,"null,1.B.14,null,null,PL1_2,null,null,1.B.14,null"
240,pectin,"null,GH36,null,1.B.14,null,PL1"
241,pectin,"1.B.14,null,null,GH3,HTH_AraC|HTH_AraC,GH57,GT4,GH133"
242,pectin,"null,1.B.14,null,null,null,null,GH3,null,1.B.14,8.A.46,null,null,null,null,null"
243,starch,"GH13_10,null,8.A.46,1.B.14,LacI"
244,starch,"GH31|CBM20,GH31|CBM35,0040266"
245,starch,"3.A.1,3.A.1,3.A.1,3.A.1,HTH_12,null,GH65,CBM34|GH13_20,8.A.9,null,LacI,null"
246,starch,"3.A.1,3.A.1,3.A.1,GH13_1,LacI|Peripla_BP_3"
247,starch,"8.A.9,GH77,9.B.28,3.A.1,3.A.1,LacI,3.A.1,8.A.9"
248,starch,"8.A.9,CBM34|GH13_20,null,3.A.1,3.A.1,3.A.1"
249,starch,"LacI,GH13_2,2.A.2,null,GH97,1.B.14,null,8.A.9"
250,starch,"GH13_20,8.A.9,3.A.1,3.A.1,3.A.1"
251,starch,"GH13_10,null,null,8.A.46,1.B.14,GH97,GH13"
252,starch,"8.A.9,null,null,8.A.46,1.B.14,GH97,8.A.9,null"
253,starch,"GH65,GH97,GH31,GH66,null,8.A.46,1.B.14,null,null"
254,starch,"GH97,GH13,GH13,null,null,1.B.14"
255,starch,"1.B.14,8.A.46,null,GH66,GH31,GH97"
256,starch,"GT35,GH77,LacI"
257,starch,"CBM82|CBM83|GH13_41,null,HTH_1,Pyr_redox_2"
258,starch,"SBP_bac_1,3.A.1,3.A.1,GH13_36"
259,xylan,"GH30_8,GH43_16|CBM6"
260,xylan,"null,null,GH43_11,null,null,GH10,9.B.28,null,null,null,GntR,null,PfkB,GH39,GH67,3.A.1,3.A.1,3.A.1,GH10,GH52,CE4,null,3.A.1,3.A.1,SBP_bac_1,HTH_AraC|HTH_AraC,8.A.59,null,null,null,null,GH51,3.A.1,3.A.1,3.A.1,null,null,null,GntR,3.A.1,3.A.1,3.A.1"
261,xylan,"null,GH67,GH3,null,null,null,8.A.59,HTH_AraC,null,3.A.1,null,null"
262,xylan,"1.B.14,HTH_AraC|HTH_AraC,GH97,GH3,GH43_10,GH146,GH115,CE6|CE1,null,GH43_12,null,1.B.14"
263,xylan,"null,null,GH120,null,GH43_12,GH43_11,3.A.1,3.A.1,3.A.1,LacI,null,null"
264,xylan,"null,GH127,null,null,GH43_26,GH2,GH5_13,null,null,1.B.14"
265,xylan,"GH43_10,GH43_12,null,null,GH43_1,1.B.14,null,null,null,null,null,null,null,LacI,null,GH3,GH67,null,null,GH10,GH115,CE15,null,null,2.A.21"
266,xylan,"GH10|CE1,GH95,GH3,SBP_bac_1,HTH_AraC|HTH_AraC"
267,xylan,"HTH_AraC|HTH_AraC,1.B.14,null,null,GH10,null,GH35,null,2.A.2,GH10|GH43_12,GH43_1,null,GH67,null,null,0036286,null,GH8,CE6|GH95,CE1,GH5_21,null,GH10,null,null,null,null,1.B.14,null,null,GH115"
268,xylan,"GH43_29,HTH_AraC,null,null,null,null,null,1.B.14,GH43_12,GH43_1,GH10,null,2.A.2,null,GH16"
269,xylan,"GH10,GH2,null,GH10,2.A.1,null,2.A.2,GH43_1"
270,xylan,"GH43_16|CBM6,GH10|CBM6,GH43_29|CBM6,CE1|CBM6,GH43_10|CBM6,GH62|CBM6,GH43_29|CBM6,GH146|CBM22,GH27|CBM6,GH59|CBM6,GH2|CBM6"
271,xylan,"GH67,3.A.1,3.A.1,3.A.1,3.A.1,3.A.1,CBM22|CBM22|GH10|CBM9|CBM9,null,null,null,HTH_11,null,PfkB,null,null,GH10,3.A.1,3.A.1,3.A.1,3.A.1,3.A.1,GH3,CE7,3.A.1"
272,xylan,"null,8.A.46,1.B.14,Sigma70_r2|Sigma70_r4_2,GH67,2.A.2,null,GH13_14"
273,xylan,"GH10,GH43_1"
274,xylan,"null,null,null,null,null,null,GH10,3.A.12,ATPase_2,null,null,null,null,null,SBP_bac_1,3.A.1,3.A.1,8.A.49,GH10,null,null,null,null,null,null,null,null,Fer4"
275,xylan,"null,2.A.1,HTH_AraC|HTH_AraC,1.B.14,null,1.B.14,GH43_10,HTH_AraC|HTH_AraC,GH43_1,GH10,2.A.2,null,GH67"
276,xylan,"null,null,GH43_11,2.A.2,2.A.1,null,null"
277,xylan,"GH3,HTH_AraC,1.B.14,null,null,GH10,GH16,GH8,2.A.2"
278,xylan,"8.A.46,1.B.14,HTH_AraC|HTH_AraC,GH97,GH3,GH43_10,GH146,GH115,null,GH43_12,null,1.B.14,GH3"
279,xylan,"8.A.59,HTH_AraC|HTH_AraC,SBP_bac_1,3.A.1,3.A.1,null,CE4,GH52,GH10,null,3.A.1,3.A.1,GH67,GH39,PfkB,null,GntR,null,null,null,9.B.28,null,null,AAA,null,null,null,GH43_11,null,null"
280,xylan,"GH43_10,GH3,null,GH43_12,GH31,GH97,GH43_29|CBM6,GH43_12,1.B.14,null,null,null,null,GH10,null,GH5_21,CE6|CE1,GH43_29|CBM6,Reg_prop|Reg_prop|Reg_prop|Y_Y_Y|HisKA|HATPase_c|Response_reg|HTH_18,GH95,GH115"
281,xylan,"HTH_AraC|HTH_AraC,8.A.59,3.A.1,3.A.1,3.A.1,GH67,GH10,GH43_12"
282,xylan,"9.B.33,3.A.1,HTH_5,GH51"
283,xylan,"HTH_AraC|HTH_AraC,dCache_1|HATPase_c,SBP_bac_1,GH43_11,3.A.1,3.A.1,3.A.1"
284,xylan,"null,null,null,null,GH10,9.B.28,null,null,null,GntR,null,PfkB,GH39,GH67,3.A.1,3.A.1,3.A.1,GH10,GH52,CE4,null,3.A.1,3.A.1,SBP_bac_1,HTH_AraC|HTH_AraC,8.A.59"
285,xylan,"LacI,GH43_15|CBM6,CBM4|CBM4|GH10,null,null,null,null,GH10,GerE,FecR,1.B.14,8.A.46,GH67,GH3,GH3"
286,xylan,"GH67,null,2.A.2,GH10,GH43_1,GH43_35,null,GH5_21,GH10,null,null,null,null,1.B.14"
287,xylan,"1.B.14,null,null,null,GH35"
288,xylan,"GH128,null,null,GH51|GH43_19,null,1.B.14,null,null,null,null"
289,xylan,"null,null,1.B.14,null,null,null,1.B.14,null,null,null,PL11_1,GH3,GH43_7,PL11_1,GH2"
290,xylan,"GH43_24,null,GH51|GH43_19,null,1.B.14,8.A.46,null,null,1.B.14,null,GH128"
291,xylan,"GH43_12,GH115,GH43_10,GH97,GH43_29|CBM6,CE1|CE1,GH95,GH115,null,HTH_AraC,null,GH30_8,null,null,null,null,null,1.B.14"
292,xylan,"1.B.14,null,null,GH10,GH115,GH11,2.A.2,GH10,GH43_1"
293,xylan,"GH10,null,null,null,null,1.B.14,GH43_12,GH43_1,GH10,HTH_AraC|HTH_AraC,null,GH146,NUDIX,CE1,GH8,CE6,GH43_29|CBM6,GH43_29|CBM6,GH97,GH31,HTH_AraC,null,GH51,GH43_29,CE1|CE1,GH43_10,GH115,null,2.A.2,GH10,GH43_1,GH67,null,null,HTH_AraC|HTH_AraC,1.B.14,8.A.46"
294,xyloglucan,"GH3,GH2,GH31,HTH_AraC|HTH_AraC,null,GH9,null,null,1.B.14,GH5_4,GH43_12,null,GH43_12,null,null,GH3"
295,xyloglucan,"1.B.14,null,null,null,null,null,GH5_4,Reg_prop|Reg_prop|Reg_prop|Reg_prop|Reg_prop|Reg_prop,HTH_AraC|HTH_AraC,GH31,GH2,GH3"
296,xyloglucan,"1.B.14,8.A.46,null,null,GH43_12,null,GH5_4,HTH_AraC|HTH_AraC,GH31,GH2,GH3,null,GH95"
297,xyloglucan,"null,1.B.14,null,null,GH43_12,GH5_4,null,HTH_AraC|HTH_AraC,GH31,GH2,GH3,null,GH95"
298,xyloglucan,"GH2,GH5_4,null,8.A.46,1.B.14,GH31,HTH_AraC,GH95,null,GH3,GH43_12"
299,xyloglucan,"GH31,GH35,1.B.14,GH95"
300,xyloglucan,"null,HATPase_c,null,9.B.174,GH3,GH2,GH31,HTH_AraC|HTH_AraC,GH9,null,null,1.B.14,GH5_4,GH43_12,GH43_12,GH3"
